ID,MODEM_NUMBER,STATUS,ERROR,ERROR_CODE,MSISDN,SENT,MODEM_INDEX_I2C,TIMESTAMP,NETWORK,USE_CALL,USE_SMS,IS_LOOPBACK_MSISDN,MODEM_MSISDN,MODEL,IMEI,IMSI,REGISTRATION_STATUS,OPERATOR,RAT,ARFCN,BSIC,PSC,PCI,MCC,MNC,LAC,CELL_ID,RSSI,SNR,CALL_RESULT,SMS_RESULT,LATITUDE,LONGITUDE,ALTITUDE,SESSION_NAME
497,1,IDLE,,0,+56962515275,0,1,2026-01-28 11:09:43,auto,1,0,0,+56912345601,Quectel EG25,867929068522976,730011455845956,5,Operator X,LTE,9072,,,62,730,02,9783,644490,-89,-10,"[""OK"", ""failed_timeout"", ""failed_timeout""]",,32.09820,34.84780,,Default_Session
498,2,IDLE,,0,+56962515275,0,2,2026-01-28 11:09:43,auto,1,0,0,+56912345602,Quectel EG25,867929068581799,730011455848735,1,Operator X,LTE,9837,,,19,730,02,8476,195227,-70,-11,"[""failed_timeout"", ""failed_timeout""]",,32.09820,34.84780,,Default_Session
499,3,IDLE,,0,+56962515275,0,3,2026-01-28 11:09:43,auto,1,0,0,+56912345603,Quectel EG25,867929068594246,730011455848953,5,Operator X,LTE,9059,,,15,730,02,2120,225887,-80,-13,"[""OK"", ""OK""]",,32.09820,34.84780,,Default_Session
500,4,IDLE,,0,+56962515275,0,4,2026-01-28 11:09:43,auto,1,0,0,+56912345604,Quectel EG25,867929068569511,730011455846387,1,Operator X,LTE,9848,,,63,730,02,2793,858276,-92,-15,"[""failed_timeout"", ""failed_timeout""]",,32.09820,34.84780,,Default_Session
501,5,IDLE,,0,+56962515275,0,5,2026-01-28 11:09:43,auto,1,0,0,+56912345605,Quectel EG25,867929068554945,730011455845174,5,Operator X,LTE,9269,,,20,730,02,1266,676620,-99,-9,"[""failed_timeout"", ""failed_timeout""]",,32.09820,34.84780,,Default_Session
502,6,IDLE,,0,+56962515275,0,6,2026-01-28 11:09:43,auto,1,0,0,+56912345606,Quectel EG25,867929068545540,730011455846198,3,Operator X,LTE,9281,,,1,730,02,8640,861536,-50,-12,"[""OK"", ""OK""]",,32.09820,34.84780,,Default_Session
503,7,IDLE,,0,+56962515275,0,7,2026-01-28 11:09:43,auto,1,0,0,+56912345607,Quectel EG25,867929068578618,730011455849799,3,Operator X,LTE,9900,,,89,730,02,7033,175021,-91,-16,"[""failed_timeout"", ""failed_timeout""]",,32.09820,34.84780,,Default_Session
504,8,IDLE,,0,+56962515275,0,8,2026-01-28 11:09:43,auto,1,0,0,+56912345608,Quectel EG25,867929068522705,730011455844514,3,Operator X,LTE,9923,,,17,730,02,2258,815432,-109,-8,"[""OK"", ""failed_timeout""]",,32.09820,34.84780,,Default_Session
505,9,IDLE,,0,+56962515275,0,9,2026-01-28 11:09:43,auto,1,0,0,+56912345609,Quectel EG25,867929068513520,730011455843694,1,Operator X,LTE,9749,,,73,730,02,6344,622193,-75,-8,"[""OK"", ""failed_timeout"", ""failed_timeout""]",,32.09820,34.84780,,Default_Session
506,10,IDLE,,0,+56962515275,0,10,2026-01-28 11:09:43,auto,1,0,0,+56912345610,Quectel EG25,867929068555124,730011455847657,1,Operator X,LTE,9003,,,42,730,02,7039,363288,-115,-20,"[""OK"", ""failed_timeout"", ""failed_timeout""]",,32.09820,34.84780,,Default_Session
487,1,IDLE,,0,+56962515275,0,1,2026-01-28 11:09:40,auto,1,0,0,+56912345601,Quectel EG25,867929068563268,730011455843593,1,Operator X,LTE,9229,,,16,730,02,8036,854537,-103,-13,"[""OK"", ""OK""]",,32.09820,34.84780,,Default_Session
488,2,IDLE,,0,+56962515275,0,2,2026-01-28 11:09:40,auto,1,0,0,+56912345602,Quectel EG25,867929068549613,730011455844858,1,Operator X,LTE,9044,,,56,730,02,6648,619889,-104,-20,"[""OK"", ""OK""]",,32.09820,34.84780,,Default_Session
489,3,IDLE,,0,+56962515275,0,3,2026-01-28 11:09:40,auto,1,0,0,+56912345603,Quectel EG25,867929068594111,730011455843260,1,Operator X,LTE,9525,,,74,730,02,5741,735704,-51,-5,"[""OK"", ""OK""]",,32.09820,34.84780,,Default_Session
490,4,IDLE,,0,+56962515275,0,4,2026-01-28 11:09:40,auto,1,0,0,+56912345604,Quectel EG25,867929068554096,730011455842438,1,Operator X,LTE,9046,,,11,730,02,4565,355272,-64,-7,"[""OK"", ""OK""]",,32.09820,34.84780,,Default_Session
491,5,IDLE,,0,+56962515275,0,5,2026-01-28 11:09:40,auto,1,0,0,+56912345605,Quectel EG25,867929068562637,730011455847497,1,Operator X,LTE,9319,,,77,730,02,9266,449829,-111,-3,"[""OK"", ""failed_timeout""]",,32.09820,34.84780,,Default_Session
492,6,IDLE,,0,+56962515275,0,6,2026-01-28 11:09:40,auto,1,0,0,+56912345606,Quectel EG25,867929068570230,730011455843458,1,Operator X,LTE,9820,,,54,730,02,2027,338901,-96,-12,"[""failed_timeout"", ""failed_timeout""]",,32.09820,34.84780,,Default_Session
493,7,IDLE,,0,+56962515275,0,7,2026-01-28 11:09:40,auto,1,0,0,+56912345607,Quectel EG25,867929068559557,730011455848339,1,Operator X,LTE,9631,,,91,730,02,4830,795462,-64,-9,"[""OK"", ""failed_timeout"", ""failed_timeout""]",,32.09820,34.84780,,Default_Session
494,8,IDLE,,0,+56962515275,0,8,2026-01-28 11:09:40,auto,1,0,0,+56912345608,Quectel EG25,867929068523100,730011455849074,3,Operator X,LTE,9964,,,75,730,02,2028,87656,-112,0,"[""failed_timeout"", ""failed_timeout""]",,32.09820,34.84780,,Default_Session
495,9,IDLE,,0,+56962515275,0,9,2026-01-28 11:09:40,auto,1,0,0,+56912345609,Quectel EG25,867929068530890,730011455841741,1,Operator X,LTE,9182,,,53,730,02,1319,75050,-70,-5,"[""failed_timeout"", ""failed_timeout""]",,32.09820,34.84780,,Default_Session
496,10,IDLE,,0,+56962515275,0,10,2026-01-28 11:09:40,auto,1,0,0,+56912345610,Quectel EG25,867929068590195,730011455846012,5,Operator X,LTE,9926,,,63,730,02,8019,861237,-91,-8,"[""OK"", ""failed_timeout""]",,32.09820,34.84780,,Default_Session
477,1,IDLE,,0,+56962515275,0,1,2026-01-28 11:09:37,auto,1,0,0,+56912345601,Quectel EG25,867929068596769,730011455842498,3,Operator X,LTE,9375,,,87,730,02,1004,13211,-73,0,"[""failed_timeout"", ""failed_timeout""]",,32.09818,34.84779,,Default_Session
478,2,IDLE,,0,+56962515275,0,2,2026-01-28 11:09:37,auto,1,0,0,+56912345602,Quectel EG25,867929068595902,730011455846374,3,Operator X,LTE,9113,,,54,730,02,7716,674910,-63,-1,"[""OK"", ""failed_timeout"", ""failed_timeout""]",,32.09818,34.84779,,Default_Session
479,3,IDLE,,0,+56962515275,0,3,2026-01-28 11:09:37,auto,1,0,0,+56912345603,Quectel EG25,867929068586749,730011455847645,1,Operator X,LTE,9878,,,57,730,02,4811,570470,-72,-18,"[""OK"", ""failed_timeout"", ""failed_timeout""]",,32.09818,34.84779,,Default_Session
480,4,IDLE,,0,+56962515275,0,4,2026-01-28 11:09:37,auto,1,0,0,+56912345604,Quectel EG25,867929068516291,730011455847980,5,Operator X,LTE,9421,,,89,730,02,3680,292813,-99,-5,"[""OK"", ""failed_timeout""]",,32.09818,34.84779,,Default_Session
481,5,IDLE,,0,+56962515275,0,5,2026-01-28 11:09:37,auto,1,0,0,+56912345605,Quectel EG25,867929068581721,730011455843854,1,Operator X,LTE,9326,,,72,730,02,2020,889725,-103,-16,"[""OK"", ""failed_timeout""]",,32.09818,34.84779,,Default_Session
482,6,IDLE,,0,+56962515275,0,6,2026-01-28 11:09:37,auto,1,0,0,+56912345606,Quectel EG25,867929068565159,730011455843400,1,Operator X,LTE,9206,,,91,730,02,1292,738680,-56,-8,"[""OK"", ""failed_timeout"", ""failed_timeout""]",,32.09818,34.84779,,Default_Session
483,7,IDLE,,0,+56962515275,0,7,2026-01-28 11:09:37,auto,1,0,0,+56912345607,Quectel EG25,867929068569603,730011455849931,1,Operator X,LTE,9313,,,10,730,02,7404,504243,-81,-2,"[""OK"", ""failed_timeout"", ""failed_timeout""]",,32.09818,34.84779,,Default_Session
484,8,IDLE,,0,+56962515275,0,8,2026-01-28 11:09:37,auto,1,0,0,+56912345608,Quectel EG25,867929068532916,730011455846831,3,Operator X,LTE,9210,,,65,730,02,2266,394909,-55,-13,"[""OK"", ""failed_timeout""]",,32.09818,34.84779,,Default_Session
485,9,IDLE,,0,+56962515275,0,9,2026-01-28 11:09:37,auto,1,0,0,+56912345609,Quectel EG25,867929068522897,730011455844017,3,Operator X,LTE,9536,,,10,730,02,7505,911653,-102,-8,"[""OK"", ""failed_timeout"", ""failed_timeout""]",,32.09818,34.84779,,Default_Session
486,10,IDLE,,0,+56962515275,0,10,2026-01-28 11:09:37,auto,1,0,0,+56912345610,Quectel EG25,867929068574169,730011455846953,5,Operator X,LTE,9486,,,50,730,02,3496,338395,-68,-16,"[""failed_timeout"", ""failed_timeout""]",,32.09818,34.84779,,Default_Session
471,1,IDLE,,0,+56962515275,0,1,2026-01-28 11:09:34,auto,1,0,0,+56912345601,Quectel EG25,867929068528177,730011455848194,5,Operator X,LTE,9290,,,46,730,02,1073,155230,-87,0,"[""OK"", ""OK""]",,32.09818,34.84779,,Default_Session
472,2,IDLE,,0,+56962515275,0,2,2026-01-28 11:09:34,auto,1,0,0,+56912345602,Quectel EG25,867929068517329,730011455843447,5,Operator X,LTE,9786,,,82,730,02,5988,95084,-89,-4,"[""OK"", ""failed_timeout"", ""failed_timeout""]",,32.09818,34.84779,,Default_Session
473,3,IDLE,,0,+56962515275,0,3,2026-01-28 11:09:34,auto,1,0,0,+56912345603,Quectel EG25,867929068554772,730011455848326,1,Operator X,LTE,9381,,,89,730,02,1410,759764,-50,-20,"[""OK"", ""failed_timeout"", ""failed_timeout""]",,32.09818,34.84779,,Default_Session
474,4,IDLE,,0,+56962515275,0,4,2026-01-28 11:09:34,auto,1,0,0,+56912345604,Quectel EG25,867929068528721,730011455847940,3,Operator X,LTE,9285,,,100,730,02,6803,76946,-54,-10,"[""failed_timeout"", ""failed_timeout""]",,32.09818,34.84779,,Default_Session
475,5,IDLE,,0,+56962515275,0,5,2026-01-28 11:09:34,auto,1,0,0,+56912345605,Quectel EG25,867929068554203,730011455849508,5,Operator X,LTE,9615,,,41,730,02,5367,647218,-54,-2,"[""failed_timeout"", ""failed_timeout""]",,32.09818,34.84779,,Default_Session
476,6,IDLE,,0,+56962515275,0,6,2026-01-28 11:09:34,auto,1,0,0,+56912345606,Quectel EG25,867929068550999,730011455842012,1,Operator X,LTE,9654,,,37,730,02,8543,422840,-51,-1,"[""failed_timeout"", ""failed_timeout""]",,32.09818,34.84779,,Default_Session
467,1,IDLE,,0,+56962515275,0,1,2026-01-28 11:09:30,auto,1,0,0,+56912345601,Quectel EG25,867929068520867,730011455841913,5,Operator X,LTE,9147,,,80,730,02,2640,832697,-78,-5,"[""OK"", ""failed_timeout"", ""failed_timeout""]",,32.09818,34.84779,,Default_Session
468,2,IDLE,,0,+56962515275,0,2,2026-01-28 11:09:30,auto,1,0,0,+56912345602,Quectel EG25,867929068519179,730011455843881,5,Operator X,LTE,9546,,,40,730,02,2156,706155,-70,-14,"[""OK"", ""OK""]",,32.09818,34.84779,,Default_Session
469,3,IDLE,,0,+56962515275,0,3,2026-01-28 11:09:30,auto,1,0,0,+56912345603,Quectel EG25,867929068539356,730011455844214,5,Operator X,LTE,9982,,,90,730,02,2429,833253,-73,-18,"[""failed_timeout"", ""failed_timeout""]",,32.09818,34.84779,,Default_Session
470,4,IDLE,,0,+56962515275,0,4,2026-01-28 11:09:30,auto,1,0,0,+56912345604,Quectel EG25,867929068544911,730011455842116,5,Operator X,LTE,9608,,,65,730,02,1117,840216,-70,-13,"[""failed_timeout"", ""failed_timeout""]",,32.09818,34.84779,,Default_Session
462,1,IDLE,,0,+56962515275,0,1,2026-01-28 11:09:27,auto,1,0,0,+56912345601,Quectel EG25,867929068536785,730011455849032,1,Operator X,LTE,9707,,,59,730,02,6492,907585,-90,-19,"[""OK"", ""failed_timeout"", ""failed_timeout""]",,32.09818,34.84779,,Default_Session
463,2,IDLE,,0,+56962515275,0,2,2026-01-28 11:09:27,auto,1,0,0,+56912345602,Quectel EG25,867929068588101,730011455845827,5,Operator X,LTE,9432,,,52,730,02,8077,354891,-59,0,"[""OK"", ""OK""]",,32.09818,34.84779,,Default_Session
464,3,IDLE,,0,+56962515275,0,3,2026-01-28 11:09:27,auto,1,0,0,+56912345603,Quectel EG25,867929068516226,730011455846446,1,Operator X,LTE,9102,,,75,730,02,1434,252675,-120,-6,"[""OK"", ""failed_timeout"", ""failed_timeout""]",,32.09818,34.84779,,Default_Session
465,4,IDLE,,0,+56962515275,0,4,2026-01-28 11:09:27,auto,1,0,0,+56912345604,Quectel EG25,867929068575462,730011455847046,5,Operator X,LTE,9383,,,98,730,02,5690,737663,-107,-14,"[""OK"", ""failed_timeout""]",,32.09818,34.84779,,Default_Session
466,5,IDLE,,0,+56962515275,0,5,2026-01-28 11:09:27,auto,1,0,0,+56912345605,Quectel EG25,867929068531863,730011455843955,3,Operator X,LTE,9734,,,65,730,02,7438,238631,-95,-12,"[""OK"", ""failed_timeout""]",,32.09818,34.84779,,Default_Session
446,1,IDLE,,0,+56962515275,0,1,2026-01-28 11:09:24,auto,1,0,0,+56912345601,Quectel EG25,867929068550662,730011455848206,3,Operator X,LTE,9647,,,16,730,02,3420,20356,-50,-12,"[""failed_timeout"", ""failed_timeout""]",,32.09818,34.84779,,Default_Session
447,2,IDLE,,0,+56962515275,0,2,2026-01-28 11:09:24,auto,1,0,0,+56912345602,Quectel EG25,867929068525550,730011455842828,5,Operator X,LTE,9515,,,79,730,02,7000,34234,-88,-7,"[""OK"", ""OK""]",,32.09818,34.84779,,Default_Session
448,3,IDLE,,0,+56962515275,0,3,2026-01-28 11:09:24,auto,1,0,0,+56912345603,Quectel EG25,867929068529941,730011455846814,1,Operator X,LTE,9798,,,56,730,02,1370,193385,-101,-7,"[""OK"", ""OK""]",,32.09818,34.84779,,Default_Session
449,4,IDLE,,0,+56962515275,0,4,2026-01-28 11:09:24,auto,1,0,0,+56912345604,Quectel EG25,867929068541749,730011455846602,3,Operator X,LTE,9187,,,84,730,02,5364,400315,-92,-11,"[""OK"", ""failed_timeout""]",,32.09818,34.84779,,Default_Session
450,5,IDLE,,0,+56962515275,0,5,2026-01-28 11:09:24,auto,1,0,0,+56912345605,Quectel EG25,867929068563036,730011455849201,3,Operator X,LTE,9236,,,45,730,02,4389,36924,-81,-14,"[""OK"", ""failed_timeout"", ""failed_timeout""]",,32.09818,34.84779,,Default_Session
451,6,IDLE,,0,+56962515275,0,6,2026-01-28 11:09:24,auto,1,0,0,+56912345606,Quectel EG25,867929068521582,730011455847185,5,Operator X,LTE,9042,,,61,730,02,2853,402944,-63,-19,"[""OK"", ""failed_timeout""]",,32.09818,34.84779,,Default_Session
452,7,IDLE,,0,+56962515275,0,7,2026-01-28 11:09:24,auto,1,0,0,+56912345607,Quectel EG25,867929068584810,730011455844938,1,Operator X,LTE,9051,,,74,730,02,9022,996162,-113,-13,"[""OK"", ""failed_timeout"", ""failed_timeout""]",,32.09818,34.84779,,Default_Session
453,8,IDLE,,0,+56962515275,0,8,2026-01-28 11:09:24,auto,1,0,0,+56912345608,Quectel EG25,867929068554688,730011455841212,1,Operator X,LTE,9038,,,47,730,02,9809,990150,-53,-7,"[""OK"", ""OK""]",,32.09818,34.84779,,Default_Session
454,9,IDLE,,0,+56962515275,0,9,2026-01-28 11:09:24,auto,1,0,0,+56912345609,Quectel EG25,867929068522572,730011455848312,3,Operator X,LTE,9407,,,12,730,02,4758,238965,-73,-15,"[""OK"", ""failed_timeout""]",,32.09818,34.84779,,Default_Session
455,10,IDLE,,0,+56962515275,0,10,2026-01-28 11:09:24,auto,1,0,0,+56912345610,Quectel EG25,867929068550511,730011455843535,3,Operator X,LTE,9392,,,75,730,02,2953,764306,-52,-15,"[""OK"", ""failed_timeout""]",,32.09818,34.84779,,Default_Session
456,11,IDLE,,0,+56962515275,0,11,2026-01-28 11:09:24,auto,1,0,0,+56912345611,Quectel EG25,867929068594331,730011455848875,5,Operator X,LTE,9658,,,32,730,02,4977,799292,-64,-9,"[""OK"", ""failed_timeout"", ""failed_timeout""]",,32.09818,34.84779,,Default_Session
457,12,IDLE,,0,+56962515275,0,12,2026-01-28 11:09:24,auto,1,0,0,+56912345612,Quectel EG25,867929068590562,730011455847040,1,Operator X,LTE,9630,,,12,730,02,6458,837832,-106,-5,"[""OK"", ""failed_timeout""]",,32.09818,34.84779,,Default_Session
458,13,IDLE,,0,+56962515275,0,13,2026-01-28 11:09:24,auto,1,0,0,+56912345613,Quectel EG25,867929068568219,730011455842454,5,Operator X,LTE,9960,,,14,730,02,2712,850820,-87,-1,"[""OK"", ""OK""]",,32.09818,34.84779,,Default_Session
459,14,IDLE,,0,+56962515275,0,14,2026-01-28 11:09:24,auto,1,0,0,+56912345614,Quectel EG25,867929068521060,730011455842526,1,Operator X,LTE,9858,,,62,730,02,5643,558168,-90,0,"[""OK"", ""failed_timeout"", ""failed_timeout""]",,32.09818,34.84779,,Default_Session
460,15,IDLE,,0,+56962515275,0,15,2026-01-28 11:09:24,auto,1,0,0,+56912345615,Quectel EG25,867929068573900,730011455848276,1,Operator X,LTE,9232,,,45,730,02,2862,355768,-83,-17,"[""failed_timeout"", ""failed_timeout""]",,32.09818,34.84779,,Default_Session
461,16,IDLE,,0,+56962515275,0,16,2026-01-28 11:09:24,auto,1,0,0,+56912345616,Quectel EG25,867929068598681,730011455848258,1,Operator X,LTE,9298,,,24,730,02,1512,370733,-120,-6,"[""failed_timeout"", ""failed_timeout""]",,32.09818,34.84779,,Default_Session
435,1,IDLE,,0,+56962515275,0,1,2026-01-28 11:09:15,auto,1,0,0,+56912345601,Quectel EG25,867929068572039,730011455849527,5,Operator X,LTE,9747,,,53,730,02,9661,766054,-56,-16,"[""failed_timeout"", ""failed_timeout""]",,32.09813,34.84776,,Default_Session
436,2,IDLE,,0,+56962515275,0,2,2026-01-28 11:09:15,auto,1,0,0,+56912345602,Quectel EG25,867929068574452,730011455841263,1,Operator X,LTE,9351,,,83,730,02,9108,544974,-114,-12,"[""OK"", ""failed_timeout"", ""failed_timeout""]",,32.09813,34.84776,,Default_Session
437,3,IDLE,,0,+56962515275,0,3,2026-01-28 11:09:15,auto,1,0,0,+56912345603,Quectel EG25,867929068572354,730011455848664,1,Operator X,LTE,9018,,,100,730,02,1449,959348,-116,-18,"[""OK"", ""failed_timeout""]",,32.09813,34.84776,,Default_Session
438,4,IDLE,,0,+56962515275,0,4,2026-01-28 11:09:15,auto,1,0,0,+56912345604,Quectel EG25,867929068510979,730011455842260,1,Operator X,LTE,9459,,,30,730,02,4262,854945,-108,-12,"[""failed_timeout"", ""failed_timeout""]",,32.09813,34.84776,,Default_Session
439,5,IDLE,,0,+56962515275,0,5,2026-01-28 11:09:15,auto,1,0,0,+56912345605,Quectel EG25,867929068595052,730011455846428,3,Operator X,LTE,9467,,,71,730,02,5748,417872,-111,-9,"[""OK"", ""OK""]",,32.09813,34.84776,,Default_Session
440,6,IDLE,,0,+56962515275,0,6,2026-01-28 11:09:15,auto,1,0,0,+56912345606,Quectel EG25,867929068593075,730011455843015,5,Operator X,LTE,9342,,,48,730,02,8134,362188,-69,-2,"[""failed_timeout"", ""failed_timeout""]",,32.09813,34.84776,,Default_Session
441,7,IDLE,,0,+56962515275,0,7,2026-01-28 11:09:15,auto,1,0,0,+56912345607,Quectel EG25,867929068555347,730011455848694,3,Operator X,LTE,9694,,,84,730,02,6791,677325,-73,-1,"[""failed_timeout"", ""failed_timeout""]",,32.09813,34.84776,,Default_Session
442,8,IDLE,,0,+56962515275,0,8,2026-01-28 11:09:15,auto,1,0,0,+56912345608,Quectel EG25,867929068525734,730011455846954,5,Operator X,LTE,9344,,,16,730,02,4010,591225,-72,-11,"[""OK"", ""OK""]",,32.09813,34.84776,,Default_Session
443,9,IDLE,,0,+56962515275,0,9,2026-01-28 11:09:15,auto,1,0,0,+56912345609,Quectel EG25,867929068585602,730011455847823,1,Operator X,LTE,9094,,,72,730,02,1471,961146,-52,-9,"[""OK"", ""failed_timeout"", ""failed_timeout""]",,32.09813,34.84776,,Default_Session
444,10,IDLE,,0,+56962515275,0,10,2026-01-28 11:09:15,auto,1,0,0,+56912345610,Quectel EG25,867929068583754,730011455848458,1,Operator X,LTE,9598,,,86,730,02,1284,495308,-93,-8,"[""OK"", ""failed_timeout"", ""failed_timeout""]",,32.09813,34.84776,,Default_Session
445,11,IDLE,,0,+56962515275,0,11,2026-01-28 11:09:15,auto,1,0,0,+56912345611,Quectel EG25,867929068593187,730011455847920,5,Operator X,LTE,9683,,,3,730,02,9318,270615,-54,-6,"[""OK"", ""failed_timeout"", ""failed_timeout""]",,32.09813,34.84776,,Default_Session
431,1,IDLE,,0,+56962515275,0,1,2026-01-28 11:09:12,auto,1,0,0,+56912345601,Quectel EG25,867929068536754,730011455842101,5,Operator X,LTE,9474,,,66,730,02,8261,455839,-80,-11,"[""OK"", ""failed_timeout""]",,32.09813,34.84776,,Default_Session
432,2,IDLE,,0,+56962515275,0,2,2026-01-28 11:09:12,auto,1,0,0,+56912345602,Quectel EG25,867929068552200,730011455843415,5,Operator X,LTE,9440,,,89,730,02,9089,991014,-92,-11,"[""failed_timeout"", ""failed_timeout""]",,32.09813,34.84776,,Default_Session
433,3,IDLE,,0,+56962515275,0,3,2026-01-28 11:09:12,auto,1,0,0,+56912345603,Quectel EG25,867929068588653,730011455847156,3,Operator X,LTE,9659,,,20,730,02,7477,453792,-83,-17,"[""OK"", ""failed_timeout""]",,32.09813,34.84776,,Default_Session
434,4,IDLE,,0,+56962515275,0,4,2026-01-28 11:09:12,auto,1,0,0,+56912345604,Quectel EG25,867929068549221,730011455844538,1,Operator X,LTE,9885,,,2,730,02,2666,525153,-79,-12,"[""OK"", ""failed_timeout""]",,32.09813,34.84776,,Default_Session
429,1,IDLE,,0,+56962515275,0,1,2026-01-28 11:09:09,auto,1,0,0,+56912345601,Quectel EG25,867929068538543,730011455841800,3,Operator X,LTE,9575,,,52,730,02,9658,321960,-114,-14,"[""OK"", ""failed_timeout""]",,32.09813,34.84776,,Default_Session
430,2,IDLE,,0,+56962515275,0,2,2026-01-28 11:09:09,auto,1,0,0,+56912345602,Quectel EG25,867929068535522,730011455843942,5,Operator X,LTE,9641,,,7,730,02,3146,33884,-105,-16,"[""failed_timeout"", ""failed_timeout""]",,32.09813,34.84776,,Default_Session
414,1,IDLE,,0,+56962515275,0,1,2026-01-28 11:09:06,auto,1,0,0,+56912345601,Quectel EG25,867929068530266,730011455849160,1,Operator X,LTE,9709,,,49,730,02,8607,620170,-68,-14,"[""OK"", ""failed_timeout""]",,32.09813,34.84776,,Default_Session
415,2,IDLE,,0,+56962515275,0,2,2026-01-28 11:09:06,auto,1,0,0,+56912345602,Quectel EG25,867929068542386,730011455843014,3,Operator X,LTE,9083,,,72,730,02,4774,116898,-110,-3,"[""OK"", ""failed_timeout"", ""failed_timeout""]",,32.09813,34.84776,,Default_Session
416,3,IDLE,,0,+56962515275,0,3,2026-01-28 11:09:06,auto,1,0,0,+56912345603,Quectel EG25,867929068532044,730011455849379,3,Operator X,LTE,9110,,,37,730,02,4803,273310,-82,-16,"[""failed_timeout"", ""failed_timeout""]",,32.09813,34.84776,,Default_Session
417,4,IDLE,,0,+56962515275,0,4,2026-01-28 11:09:06,auto,1,0,0,+56912345604,Quectel EG25,867929068552411,730011455849259,5,Operator X,LTE,9122,,,5,730,02,5926,799906,-98,-1,"[""OK"", ""failed_timeout"", ""failed_timeout""]",,32.09813,34.84776,,Default_Session
418,5,IDLE,,0,+56962515275,0,5,2026-01-28 11:09:06,auto,1,0,0,+56912345605,Quectel EG25,867929068545576,730011455848429,3,Operator X,LTE,9045,,,8,730,02,3702,637396,-109,-14,"[""OK"", ""failed_timeout"", ""failed_timeout""]",,32.09813,34.84776,,Default_Session
419,6,IDLE,,0,+56962515275,0,6,2026-01-28 11:09:06,auto,1,0,0,+56912345606,Quectel EG25,867929068527108,730011455846705,5,Operator X,LTE,9469,,,23,730,02,2236,534887,-113,-6,"[""OK"", ""failed_timeout"", ""failed_timeout""]",,32.09813,34.84776,,Default_Session
420,7,IDLE,,0,+56962515275,0,7,2026-01-28 11:09:06,auto,1,0,0,+56912345607,Quectel EG25,867929068575494,730011455847599,1,Operator X,LTE,9706,,,56,730,02,5218,416512,-97,-15,"[""failed_timeout"", ""failed_timeout""]",,32.09813,34.84776,,Default_Session
421,8,IDLE,,0,+56962515275,0,8,2026-01-28 11:09:06,auto,1,0,0,+56912345608,Quectel EG25,867929068564418,730011455841565,5,Operator X,LTE,9985,,,37,730,02,7399,124565,-87,-6,"[""OK"", ""failed_timeout""]",,32.09813,34.84776,,Default_Session
422,9,IDLE,,0,+56962515275,0,9,2026-01-28 11:09:06,auto,1,0,0,+56912345609,Quectel EG25,867929068518874,730011455845636,5,Operator X,LTE,9870,,,23,730,02,2627,294761,-85,-20,"[""OK"", ""failed_timeout"", ""failed_timeout""]",,32.09813,34.84776,,Default_Session
423,10,IDLE,,0,+56962515275,0,10,2026-01-28 11:09:06,auto,1,0,0,+56912345610,Quectel EG25,867929068541325,730011455846520,1,Operator X,LTE,9827,,,55,730,02,9399,880913,-98,-1,"[""failed_timeout"", ""failed_timeout""]",,32.09813,34.84776,,Default_Session
424,11,IDLE,,0,+56962515275,0,11,2026-01-28 11:09:06,auto,1,0,0,+56912345611,Quectel EG25,867929068594696,730011455849810,3,Operator X,LTE,9349,,,4,730,02,8611,655778,-90,-3,"[""failed_timeout"", ""failed_timeout""]",,32.09813,34.84776,,Default_Session
425,12,IDLE,,0,+56962515275,0,12,2026-01-28 11:09:06,auto,1,0,0,+56912345612,Quectel EG25,867929068545329,730011455841382,1,Operator X,LTE,9040,,,95,730,02,5779,793390,-54,-20,"[""OK"", ""failed_timeout"", ""failed_timeout""]",,32.09813,34.84776,,Default_Session
426,13,IDLE,,0,+56962515275,0,13,2026-01-28 11:09:06,auto,1,0,0,+56912345613,Quectel EG25,867929068547742,730011455847086,1,Operator X,LTE,9494,,,68,730,02,7719,671849,-96,-16,"[""OK"", ""failed_timeout""]",,32.09813,34.84776,,Default_Session
427,14,IDLE,,0,+56962515275,0,14,2026-01-28 11:09:06,auto,1,0,0,+56912345614,Quectel EG25,867929068541577,730011455843324,5,Operator X,LTE,9273,,,37,730,02,4995,283062,-67,0,"[""OK"", ""failed_timeout"", ""failed_timeout""]",,32.09813,34.84776,,Default_Session
428,15,IDLE,,0,+56962515275,0,15,2026-01-28 11:09:06,auto,1,0,0,+56912345615,Quectel EG25,867929068554142,730011455846072,5,Operator X,LTE,9720,,,59,730,02,8695,134031,-109,-8,"[""OK"", ""OK""]",,32.09813,34.84776,,Default_Session
409,1,IDLE,,0,+56962515275,0,1,2026-01-28 11:09:03,auto,1,0,0,+56912345601,Quectel EG25,867929068575996,730011455845086,3,Operator X,LTE,9892,,,90,730,02,1222,542453,-83,-9,"[""OK"", ""OK""]",,32.09816,34.84778,,Default_Session
410,2,IDLE,,0,+56962515275,0,2,2026-01-28 11:09:03,auto,1,0,0,+56912345602,Quectel EG25,867929068528237,730011455842746,1,Operator X,LTE,9615,,,63,730,02,2450,390130,-68,-6,"[""OK"", ""OK""]",,32.09816,34.84778,,Default_Session
411,3,IDLE,,0,+56962515275,0,3,2026-01-28 11:09:03,auto,1,0,0,+56912345603,Quectel EG25,867929068590896,730011455848391,3,Operator X,LTE,9053,,,68,730,02,7826,625345,-108,-1,"[""OK"", ""failed_timeout""]",,32.09816,34.84778,,Default_Session
412,4,IDLE,,0,+56962515275,0,4,2026-01-28 11:09:03,auto,1,0,0,+56912345604,Quectel EG25,867929068546138,730011455848298,1,Operator X,LTE,9682,,,27,730,02,5424,45061,-104,-3,"[""failed_timeout"", ""failed_timeout""]",,32.09816,34.84778,,Default_Session
413,5,IDLE,,0,+56962515275,0,5,2026-01-28 11:09:03,auto,1,0,0,+56912345605,Quectel EG25,867929068580587,730011455842130,3,Operator X,LTE,9117,,,21,730,02,4452,849289,-73,-8,"[""OK"", ""failed_timeout""]",,32.09816,34.84778,,Default_Session
395,1,IDLE,,0,+56962515275,0,1,2026-01-28 11:08:48,auto,1,0,0,+56912345601,Quectel EG25,867929068565387,730011455847268,5,Operator X,LTE,9701,,,9,730,02,7191,220449,-91,-18,"[""OK"", ""OK""]",,32.09819,34.84779,,Default_Session
396,2,IDLE,,0,+56962515275,0,2,2026-01-28 11:08:48,auto,1,0,0,+56912345602,Quectel EG25,867929068578493,730011455846087,1,Operator X,LTE,9830,,,2,730,02,9355,322230,-107,-15,"[""failed_timeout"", ""failed_timeout""]",,32.09819,34.84779,,Default_Session
397,3,IDLE,,0,+56962515275,0,3,2026-01-28 11:08:48,auto,1,0,0,+56912345603,Quectel EG25,867929068556280,730011455846812,1,Operator X,LTE,9458,,,53,730,02,2960,735848,-88,-19,"[""OK"", ""failed_timeout""]",,32.09819,34.84779,,Default_Session
398,4,IDLE,,0,+56962515275,0,4,2026-01-28 11:08:48,auto,1,0,0,+56912345604,Quectel EG25,867929068518503,730011455848986,3,Operator X,LTE,9251,,,73,730,02,9159,886926,-108,-13,"[""failed_timeout"", ""failed_timeout""]",,32.09819,34.84779,,Default_Session
399,5,IDLE,,0,+56962515275,0,5,2026-01-28 11:08:48,auto,1,0,0,+56912345605,Quectel EG25,867929068597802,730011455849500,1,Operator X,LTE,9146,,,32,730,02,5899,13997,-100,-5,"[""failed_timeout"", ""failed_timeout""]",,32.09819,34.84779,,Default_Session
400,6,IDLE,,0,+56962515275,0,6,2026-01-28 11:08:48,auto,1,0,0,+56912345606,Quectel EG25,867929068576886,730011455849002,1,Operator X,LTE,9537,,,13,730,02,3937,825439,-114,-5,"[""OK"", ""failed_timeout""]",,32.09819,34.84779,,Default_Session
401,7,IDLE,,0,+56962515275,0,7,2026-01-28 11:08:48,auto,1,0,0,+56912345607,Quectel EG25,867929068570615,730011455841156,3,Operator X,LTE,9572,,,19,730,02,8819,524903,-66,-10,"[""OK"", ""OK""]",,32.09819,34.84779,,Default_Session
402,8,IDLE,,0,+56962515275,0,8,2026-01-28 11:08:48,auto,1,0,0,+56912345608,Quectel EG25,867929068573099,730011455847091,1,Operator X,LTE,9226,,,34,730,02,3858,961375,-93,-17,"[""failed_timeout"", ""failed_timeout""]",,32.09819,34.84779,,Default_Session
403,9,IDLE,,0,+56962515275,0,9,2026-01-28 11:08:48,auto,1,0,0,+56912345609,Quectel EG25,867929068587342,730011455847903,3,Operator X,LTE,9970,,,90,730,02,4653,327207,-51,-4,"[""OK"", ""OK""]",,32.09819,34.84779,,Default_Session
404,10,IDLE,,0,+56962515275,0,10,2026-01-28 11:08:48,auto,1,0,0,+56912345610,Quectel EG25,867929068517027,730011455841025,1,Operator X,LTE,9432,,,53,730,02,6649,712385,-104,-13,"[""OK"", ""failed_timeout"", ""failed_timeout""]",,32.09819,34.84779,,Default_Session
405,11,IDLE,,0,+56962515275,0,11,2026-01-28 11:08:48,auto,1,0,0,+56912345611,Quectel EG25,867929068579824,730011455841081,3,Operator X,LTE,9638,,,2,730,02,9861,364953,-99,-10,"[""failed_timeout"", ""failed_timeout""]",,32.09819,34.84779,,Default_Session
406,12,IDLE,,0,+56962515275,0,12,2026-01-28 11:08:48,auto,1,0,0,+56912345612,Quectel EG25,867929068594040,730011455843831,3,Operator X,LTE,9589,,,70,730,02,3639,716544,-103,-9,"[""OK"", ""failed_timeout""]",,32.09819,34.84779,,Default_Session
407,13,IDLE,,0,+56962515275,0,13,2026-01-28 11:08:48,auto,1,0,0,+56912345613,Quectel EG25,867929068540037,730011455848721,5,Operator X,LTE,9605,,,25,730,02,5010,948969,-97,-9,"[""OK"", ""OK""]",,32.09819,34.84779,,Default_Session
408,14,IDLE,,0,+56962515275,0,14,2026-01-28 11:08:48,auto,1,0,0,+56912345614,Quectel EG25,867929068599567,730011455845593,1,Operator X,LTE,9780,,,98,730,02,7875,257959,-71,-12,"[""OK"", ""OK""]",,32.09819,34.84779,,Default_Session
394,1,IDLE,,0,+56962515275,0,1,2026-01-28 11:08:45,auto,1,0,0,+56912345601,Quectel EG25,867929068535294,730011455845844,1,Operator X,LTE,9781,,,30,730,02,5201,995452,-60,-9,"[""OK"", ""failed_timeout"", ""failed_timeout""]",,32.09819,34.84779,,Default_Session
390,1,IDLE,,0,+56962515275,0,1,2026-01-28 11:08:42,auto,1,0,0,+56912345601,Quectel EG25,867929068549729,730011455848863,5,Operator X,LTE,9895,,,64,730,02,9054,192143,-105,-13,"[""OK"", ""failed_timeout"", ""failed_timeout""]",,32.09819,34.84779,,Default_Session
391,2,IDLE,,0,+56962515275,0,2,2026-01-28 11:08:42,auto,1,0,0,+56912345602,Quectel EG25,867929068542713,730011455842948,3,Operator X,LTE,9039,,,11,730,02,4646,264605,-81,-2,"[""OK"", ""OK""]",,32.09819,34.84779,,Default_Session
392,3,IDLE,,0,+56962515275,0,3,2026-01-28 11:08:42,auto,1,0,0,+56912345603,Quectel EG25,867929068571882,730011455848088,3,Operator X,LTE,9502,,,35,730,02,5800,819975,-97,-11,"[""OK"", ""failed_timeout""]",,32.09819,34.84779,,Default_Session
393,4,IDLE,,0,+56962515275,0,4,2026-01-28 11:08:42,auto,1,0,0,+56912345604,Quectel EG25,867929068595860,730011455842332,5,Operator X,LTE,9788,,,8,730,02,6214,182592,-68,-18,"[""failed_timeout"", ""failed_timeout""]",,32.09819,34.84779,,Default_Session
374,1,IDLE,,0,+56962515275,0,1,2026-01-27 23:56:19,auto,1,0,0,+56912345601,Quectel EG25,867929068578569,730011455841198,5,Operator X,LTE,9355,,,29,730,02,1827,767422,-50,-3,"[""OK"", ""failed_timeout""]",,32.09815,34.84773,,jumbo jay
375,2,IDLE,,0,+56962515275,0,2,2026-01-27 23:56:19,auto,1,0,0,+56912345602,Quectel EG25,867929068569534,730011455845898,1,Operator X,LTE,9911,,,64,730,02,6883,587457,-51,-19,"[""OK"", ""OK""]",,32.09815,34.84773,,jumbo jay
376,3,IDLE,,0,+56962515275,0,3,2026-01-27 23:56:19,auto,1,0,0,+56912345603,Quectel EG25,867929068527037,730011455844988,5,Operator X,LTE,9720,,,71,730,02,2427,254160,-73,0,"[""OK"", ""failed_timeout""]",,32.09815,34.84773,,jumbo jay
377,4,IDLE,,0,+56962515275,0,4,2026-01-27 23:56:19,auto,1,0,0,+56912345604,Quectel EG25,867929068540632,730011455846562,1,Operator X,LTE,9558,,,52,730,02,9163,450818,-75,-7,"[""failed_timeout"", ""failed_timeout""]",,32.09815,34.84773,,jumbo jay
378,5,IDLE,,0,+56962515275,0,5,2026-01-27 23:56:19,auto,1,0,0,+56912345605,Quectel EG25,867929068571592,730011455843685,5,Operator X,LTE,9050,,,66,730,02,7766,232331,-118,-11,"[""OK"", ""failed_timeout"", ""failed_timeout""]",,32.09815,34.84773,,jumbo jay
379,6,IDLE,,0,+56962515275,0,6,2026-01-27 23:56:19,auto,1,0,0,+56912345606,Quectel EG25,867929068524117,730011455844845,5,Operator X,LTE,9356,,,18,730,02,3455,355233,-110,-16,"[""failed_timeout"", ""failed_timeout""]",,32.09815,34.84773,,jumbo jay
380,7,IDLE,,0,+56962515275,0,7,2026-01-27 23:56:19,auto,1,0,0,+56912345607,Quectel EG25,867929068533329,730011455845538,5,Operator X,LTE,9009,,,91,730,02,1553,110418,-65,-1,"[""OK"", ""OK""]",,32.09815,34.84773,,jumbo jay
381,8,IDLE,,0,+56962515275,0,8,2026-01-27 23:56:19,auto,1,0,0,+56912345608,Quectel EG25,867929068559912,730011455841910,3,Operator X,LTE,9297,,,88,730,02,2396,917727,-74,-14,"[""OK"", ""OK""]",,32.09815,34.84773,,jumbo jay
382,9,IDLE,,0,+56962515275,0,9,2026-01-27 23:56:19,auto,1,0,0,+56912345609,Quectel EG25,867929068511730,730011455849696,5,Operator X,LTE,9438,,,100,730,02,2577,952386,-58,-13,"[""OK"", ""failed_timeout"", ""failed_timeout""]",,32.09815,34.84773,,jumbo jay
383,10,IDLE,,0,+56962515275,0,10,2026-01-27 23:56:19,auto,1,0,0,+56912345610,Quectel EG25,867929068566757,730011455844801,1,Operator X,LTE,9160,,,23,730,02,7987,672423,-62,-16,"[""OK"", ""OK""]",,32.09815,34.84773,,jumbo jay
384,11,IDLE,,0,+56962515275,0,11,2026-01-27 23:56:19,auto,1,0,0,+56912345611,Quectel EG25,867929068519500,730011455841902,3,Operator X,LTE,9418,,,6,730,02,5140,809587,-75,-17,"[""OK"", ""failed_timeout"", ""failed_timeout""]",,32.09815,34.84773,,jumbo jay
385,12,IDLE,,0,+56962515275,0,12,2026-01-27 23:56:19,auto,1,0,0,+56912345612,Quectel EG25,867929068562355,730011455843691,1,Operator X,LTE,9417,,,40,730,02,8888,920138,-72,-17,"[""failed_timeout"", ""failed_timeout""]",,32.09815,34.84773,,jumbo jay
386,13,IDLE,,0,+56962515275,0,13,2026-01-27 23:56:19,auto,1,0,0,+56912345613,Quectel EG25,867929068523854,730011455847073,5,Operator X,LTE,9897,,,54,730,02,9037,303744,-98,-6,"[""failed_timeout"", ""failed_timeout""]",,32.09815,34.84773,,jumbo jay
387,14,IDLE,,0,+56962515275,0,14,2026-01-27 23:56:19,auto,1,0,0,+56912345614,Quectel EG25,867929068597204,730011455845952,5,Operator X,LTE,9634,,,45,730,02,8902,759722,-80,-18,"[""OK"", ""failed_timeout""]",,32.09815,34.84773,,jumbo jay
388,15,IDLE,,0,+56962515275,0,15,2026-01-27 23:56:19,auto,1,0,0,+56912345615,Quectel EG25,867929068545372,730011455849996,3,Operator X,LTE,9823,,,77,730,02,6777,147596,-83,-14,"[""OK"", ""failed_timeout"", ""failed_timeout""]",,32.09815,34.84773,,jumbo jay
389,16,IDLE,,0,+56962515275,0,16,2026-01-27 23:56:19,auto,1,0,0,+56912345616,Quectel EG25,867929068553308,730011455842257,5,Operator X,LTE,9317,,,6,730,02,7322,490378,-99,-15,"[""OK"", ""failed_timeout""]",,32.09815,34.84773,,jumbo jay
367,1,IDLE,,0,+56962515275,0,1,2026-01-27 23:56:13,auto,1,0,0,+56912345601,Quectel EG25,867929068576497,730011455843659,3,Operator X,LTE,9715,,,4,730,02,6037,846129,-89,-5,"[""OK"", ""failed_timeout"", ""failed_timeout""]",,32.09815,34.84773,,jumbo jay
368,2,IDLE,,0,+56962515275,0,2,2026-01-27 23:56:13,auto,1,0,0,+56912345602,Quectel EG25,867929068587702,730011455846387,1,Operator X,LTE,9416,,,86,730,02,6224,702654,-95,-18,"[""OK"", ""failed_timeout"", ""failed_timeout""]",,32.09815,34.84773,,jumbo jay
369,3,IDLE,,0,+56962515275,0,3,2026-01-27 23:56:13,auto,1,0,0,+56912345603,Quectel EG25,867929068513062,730011455841059,3,Operator X,LTE,9076,,,72,730,02,6297,173270,-90,-15,"[""OK"", ""failed_timeout""]",,32.09815,34.84773,,jumbo jay
370,4,IDLE,,0,+56962515275,0,4,2026-01-27 23:56:13,auto,1,0,0,+56912345604,Quectel EG25,867929068547051,730011455846323,1,Operator X,LTE,9776,,,77,730,02,2393,81563,-54,-13,"[""failed_timeout"", ""failed_timeout""]",,32.09815,34.84773,,jumbo jay
371,5,IDLE,,0,+56962515275,0,5,2026-01-27 23:56:13,auto,1,0,0,+56912345605,Quectel EG25,867929068516135,730011455848646,3,Operator X,LTE,9955,,,16,730,02,3471,288266,-53,0,"[""failed_timeout"", ""failed_timeout""]",,32.09815,34.84773,,jumbo jay
372,6,IDLE,,0,+56962515275,0,6,2026-01-27 23:56:13,auto,1,0,0,+56912345606,Quectel EG25,867929068565525,730011455841709,3,Operator X,LTE,9465,,,15,730,02,9932,926497,-117,-5,"[""OK"", ""OK""]",,32.09815,34.84773,,jumbo jay
373,7,IDLE,,0,+56962515275,0,7,2026-01-27 23:56:13,auto,1,0,0,+56912345607,Quectel EG25,867929068526974,730011455847177,1,Operator X,LTE,9787,,,98,730,02,5891,872054,-105,-16,"[""failed_timeout"", ""failed_timeout""]",,32.09815,34.84773,,jumbo jay
365,1,IDLE,,0,+56962515275,0,1,2026-01-27 23:56:10,auto,1,0,0,+56912345601,Quectel EG25,867929068587537,730011455849082,1,Operator X,LTE,9857,,,91,730,02,8748,538495,-77,-18,"[""failed_timeout"", ""failed_timeout""]",,32.09815,34.84773,,jumbo jay
366,2,IDLE,,0,+56962515275,0,2,2026-01-27 23:56:10,auto,1,0,0,+56912345602,Quectel EG25,867929068569740,730011455844829,1,Operator X,LTE,9029,,,45,730,02,7386,288151,-100,-8,"[""OK"", ""failed_timeout""]",,32.09815,34.84773,,jumbo jay
351,1,IDLE,,0,+56962515275,0,1,2026-01-27 23:56:07,auto,1,0,0,+56912345601,Quectel EG25,867929068546645,730011455845191,3,Operator X,LTE,9872,,,65,730,02,3499,358513,-101,-4,"[""failed_timeout"", ""failed_timeout""]",,32.09815,34.84773,,jumbo jay
352,2,IDLE,,0,+56962515275,0,2,2026-01-27 23:56:07,auto,1,0,0,+56912345602,Quectel EG25,867929068534898,730011455841867,5,Operator X,LTE,9574,,,91,730,02,8030,543627,-92,-1,"[""failed_timeout"", ""failed_timeout""]",,32.09815,34.84773,,jumbo jay
353,3,IDLE,,0,+56962515275,0,3,2026-01-27 23:56:07,auto,1,0,0,+56912345603,Quectel EG25,867929068584333,730011455846718,3,Operator X,LTE,9405,,,76,730,02,1166,632499,-80,-2,"[""OK"", ""failed_timeout"", ""failed_timeout""]",,32.09815,34.84773,,jumbo jay
354,4,IDLE,,0,+56962515275,0,4,2026-01-27 23:56:07,auto,1,0,0,+56912345604,Quectel EG25,867929068548333,730011455846524,5,Operator X,LTE,9826,,,88,730,02,9814,166559,-98,-20,"[""failed_timeout"", ""failed_timeout""]",,32.09815,34.84773,,jumbo jay
355,5,IDLE,,0,+56962515275,0,5,2026-01-27 23:56:07,auto,1,0,0,+56912345605,Quectel EG25,867929068597781,730011455846915,1,Operator X,LTE,9947,,,40,730,02,9604,925430,-66,-4,"[""failed_timeout"", ""failed_timeout""]",,32.09815,34.84773,,jumbo jay
356,6,IDLE,,0,+56962515275,0,6,2026-01-27 23:56:07,auto,1,0,0,+56912345606,Quectel EG25,867929068583497,730011455846635,3,Operator X,LTE,9570,,,90,730,02,8544,668787,-71,-19,"[""failed_timeout"", ""failed_timeout""]",,32.09815,34.84773,,jumbo jay
357,7,IDLE,,0,+56962515275,0,7,2026-01-27 23:56:07,auto,1,0,0,+56912345607,Quectel EG25,867929068525852,730011455848105,3,Operator X,LTE,9232,,,14,730,02,9624,941142,-61,0,"[""OK"", ""failed_timeout""]",,32.09815,34.84773,,jumbo jay
358,8,IDLE,,0,+56962515275,0,8,2026-01-27 23:56:07,auto,1,0,0,+56912345608,Quectel EG25,867929068515259,730011455842687,5,Operator X,LTE,9740,,,61,730,02,8796,610699,-54,-17,"[""OK"", ""failed_timeout""]",,32.09815,34.84773,,jumbo jay
359,9,IDLE,,0,+56962515275,0,9,2026-01-27 23:56:07,auto,1,0,0,+56912345609,Quectel EG25,867929068528358,730011455841302,5,Operator X,LTE,9316,,,53,730,02,6974,444304,-75,-10,"[""OK"", ""OK""]",,32.09815,34.84773,,jumbo jay
360,10,IDLE,,0,+56962515275,0,10,2026-01-27 23:56:07,auto,1,0,0,+56912345610,Quectel EG25,867929068560463,730011455846667,5,Operator X,LTE,9473,,,85,730,02,2621,319672,-57,-14,"[""OK"", ""failed_timeout""]",,32.09815,34.84773,,jumbo jay
361,11,IDLE,,0,+56962515275,0,11,2026-01-27 23:56:07,auto,1,0,0,+56912345611,Quectel EG25,867929068527345,730011455842756,5,Operator X,LTE,9170,,,30,730,02,1423,770353,-114,-15,"[""OK"", ""failed_timeout""]",,32.09815,34.84773,,jumbo jay
362,12,IDLE,,0,+56962515275,0,12,2026-01-27 23:56:07,auto,1,0,0,+56912345612,Quectel EG25,867929068590894,730011455847204,5,Operator X,LTE,9778,,,12,730,02,9205,488446,-62,-17,"[""OK"", ""failed_timeout""]",,32.09815,34.84773,,jumbo jay
363,13,IDLE,,0,+56962515275,0,13,2026-01-27 23:56:07,auto,1,0,0,+56912345613,Quectel EG25,867929068581774,730011455842594,1,Operator X,LTE,9542,,,50,730,02,6429,382365,-120,0,"[""failed_timeout"", ""failed_timeout""]",,32.09815,34.84773,,jumbo jay
364,14,IDLE,,0,+56962515275,0,14,2026-01-27 23:56:07,auto,1,0,0,+56912345614,Quectel EG25,867929068541010,730011455849709,3,Operator X,LTE,9165,,,12,730,02,1196,731321,-113,-14,"[""OK"", ""OK""]",,32.09815,34.84773,,jumbo jay
335,1,IDLE,,0,+56962515275,0,1,2026-01-27 23:56:04,auto,1,0,0,+56912345601,Quectel EG25,867929068537916,730011455841833,3,Operator X,LTE,9857,,,75,730,02,1785,279768,-87,-19,"[""OK"", ""failed_timeout""]",,32.09815,34.84773,,jumbo jay
336,2,IDLE,,0,+56962515275,0,2,2026-01-27 23:56:04,auto,1,0,0,+56912345602,Quectel EG25,867929068537591,730011455848512,5,Operator X,LTE,9192,,,46,730,02,7501,511711,-108,-6,"[""OK"", ""failed_timeout"", ""failed_timeout""]",,32.09815,34.84773,,jumbo jay
337,3,IDLE,,0,+56962515275,0,3,2026-01-27 23:56:04,auto,1,0,0,+56912345603,Quectel EG25,867929068569076,730011455845574,3,Operator X,LTE,9093,,,78,730,02,5609,13827,-115,-4,"[""OK"", ""OK""]",,32.09815,34.84773,,jumbo jay
338,4,IDLE,,0,+56962515275,0,4,2026-01-27 23:56:04,auto,1,0,0,+56912345604,Quectel EG25,867929068520366,730011455843148,3,Operator X,LTE,9210,,,30,730,02,3424,335111,-56,-19,"[""OK"", ""failed_timeout""]",,32.09815,34.84773,,jumbo jay
339,5,IDLE,,0,+56962515275,0,5,2026-01-27 23:56:04,auto,1,0,0,+56912345605,Quectel EG25,867929068559055,730011455849932,5,Operator X,LTE,9507,,,26,730,02,3840,860783,-50,-6,"[""OK"", ""failed_timeout""]",,32.09815,34.84773,,jumbo jay
340,6,IDLE,,0,+56962515275,0,6,2026-01-27 23:56:04,auto,1,0,0,+56912345606,Quectel EG25,867929068550696,730011455843793,5,Operator X,LTE,9678,,,91,730,02,8655,993379,-87,-8,"[""OK"", ""failed_timeout""]",,32.09815,34.84773,,jumbo jay
341,7,IDLE,,0,+56962515275,0,7,2026-01-27 23:56:04,auto,1,0,0,+56912345607,Quectel EG25,867929068528736,730011455845138,1,Operator X,LTE,9881,,,78,730,02,5930,730641,-118,-14,"[""OK"", ""failed_timeout"", ""failed_timeout""]",,32.09815,34.84773,,jumbo jay
342,8,IDLE,,0,+56962515275,0,8,2026-01-27 23:56:04,auto,1,0,0,+56912345608,Quectel EG25,867929068522195,730011455843061,1,Operator X,LTE,9106,,,85,730,02,5449,329531,-89,-2,"[""OK"", ""failed_timeout"", ""failed_timeout""]",,32.09815,34.84773,,jumbo jay
343,9,IDLE,,0,+56962515275,0,9,2026-01-27 23:56:04,auto,1,0,0,+56912345609,Quectel EG25,867929068517879,730011455848226,1,Operator X,LTE,9322,,,36,730,02,9334,775015,-97,-19,"[""OK"", ""failed_timeout"", ""failed_timeout""]",,32.09815,34.84773,,jumbo jay
344,10,IDLE,,0,+56962515275,0,10,2026-01-27 23:56:04,auto,1,0,0,+56912345610,Quectel EG25,867929068540877,730011455845195,5,Operator X,LTE,9381,,,69,730,02,5540,233776,-116,-18,"[""OK"", ""failed_timeout""]",,32.09815,34.84773,,jumbo jay
345,11,IDLE,,0,+56962515275,0,11,2026-01-27 23:56:04,auto,1,0,0,+56912345611,Quectel EG25,867929068527366,730011455844088,5,Operator X,LTE,9029,,,47,730,02,9067,112136,-116,-3,"[""failed_timeout"", ""failed_timeout""]",,32.09815,34.84773,,jumbo jay
346,12,IDLE,,0,+56962515275,0,12,2026-01-27 23:56:04,auto,1,0,0,+56912345612,Quectel EG25,867929068535580,730011455843059,1,Operator X,LTE,9471,,,87,730,02,3228,441889,-93,-8,"[""OK"", ""OK""]",,32.09815,34.84773,,jumbo jay
347,13,IDLE,,0,+56962515275,0,13,2026-01-27 23:56:04,auto,1,0,0,+56912345613,Quectel EG25,867929068562443,730011455841674,5,Operator X,LTE,9757,,,55,730,02,6588,331316,-68,-7,"[""OK"", ""OK""]",,32.09815,34.84773,,jumbo jay
348,14,IDLE,,0,+56962515275,0,14,2026-01-27 23:56:04,auto,1,0,0,+56912345614,Quectel EG25,867929068552731,730011455842888,1,Operator X,LTE,9902,,,89,730,02,2951,373068,-77,-18,"[""OK"", ""failed_timeout"", ""failed_timeout""]",,32.09815,34.84773,,jumbo jay
349,15,IDLE,,0,+56962515275,0,15,2026-01-27 23:56:04,auto,1,0,0,+56912345615,Quectel EG25,867929068520695,730011455841594,5,Operator X,LTE,9704,,,27,730,02,6641,254088,-65,-9,"[""failed_timeout"", ""failed_timeout""]",,32.09815,34.84773,,jumbo jay
350,16,IDLE,,0,+56962515275,0,16,2026-01-27 23:56:04,auto,1,0,0,+56912345616,Quectel EG25,867929068539449,730011455842336,1,Operator X,LTE,9994,,,54,730,02,1527,52688,-63,-19,"[""OK"", ""OK""]",,32.09815,34.84773,,jumbo jay
330,1,IDLE,,0,+56962515275,0,1,2026-01-27 23:56:01,auto,1,0,0,+56912345601,Quectel EG25,867929068521388,730011455841933,3,Operator X,LTE,9868,,,11,730,02,3400,138651,-109,-13,"[""failed_timeout"", ""failed_timeout""]",,32.09815,34.84773,,jumbo jay
331,2,IDLE,,0,+56962515275,0,2,2026-01-27 23:56:01,auto,1,0,0,+56912345602,Quectel EG25,867929068525450,730011455848999,5,Operator X,LTE,9864,,,54,730,02,4143,511249,-53,-14,"[""OK"", ""failed_timeout"", ""failed_timeout""]",,32.09815,34.84773,,jumbo jay
332,3,IDLE,,0,+56962515275,0,3,2026-01-27 23:56:01,auto,1,0,0,+56912345603,Quectel EG25,867929068561176,730011455841278,1,Operator X,LTE,9830,,,9,730,02,3591,897342,-106,-19,"[""OK"", ""failed_timeout"", ""failed_timeout""]",,32.09815,34.84773,,jumbo jay
333,4,IDLE,,0,+56962515275,0,4,2026-01-27 23:56:01,auto,1,0,0,+56912345604,Quectel EG25,867929068515605,730011455845712,5,Operator X,LTE,9765,,,96,730,02,4542,558586,-79,-12,"[""OK"", ""failed_timeout"", ""failed_timeout""]",,32.09815,34.84773,,jumbo jay
334,5,IDLE,,0,+56962515275,0,5,2026-01-27 23:56:01,auto,1,0,0,+56912345605,Quectel EG25,867929068547582,730011455847489,5,Operator X,LTE,9779,,,21,730,02,7647,400083,-83,-19,"[""failed_timeout"", ""failed_timeout""]",,32.09815,34.84773,,jumbo jay
321,1,IDLE,,0,+56962515275,0,1,2026-01-27 23:55:58,auto,1,0,0,+56912345601,Quectel EG25,867929068573395,730011455842045,1,Operator X,LTE,9988,,,5,730,02,7165,491118,-114,-6,"[""OK"", ""OK""]",,32.09815,34.84773,,jumbo jay
322,2,IDLE,,0,+56962515275,0,2,2026-01-27 23:55:58,auto,1,0,0,+56912345602,Quectel EG25,867929068573625,730011455847830,3,Operator X,LTE,9081,,,75,730,02,6927,304512,-72,-9,"[""failed_timeout"", ""failed_timeout""]",,32.09815,34.84773,,jumbo jay
323,3,IDLE,,0,+56962515275,0,3,2026-01-27 23:55:58,auto,1,0,0,+56912345603,Quectel EG25,867929068537281,730011455847031,5,Operator X,LTE,9434,,,70,730,02,6060,534542,-69,-5,"[""OK"", ""failed_timeout"", ""failed_timeout""]",,32.09815,34.84773,,jumbo jay
324,4,IDLE,,0,+56962515275,0,4,2026-01-27 23:55:58,auto,1,0,0,+56912345604,Quectel EG25,867929068516722,730011455849174,3,Operator X,LTE,9804,,,99,730,02,4853,469126,-71,-6,"[""OK"", ""failed_timeout""]",,32.09815,34.84773,,jumbo jay
325,5,IDLE,,0,+56962515275,0,5,2026-01-27 23:55:58,auto,1,0,0,+56912345605,Quectel EG25,867929068581441,730011455844333,1,Operator X,LTE,9874,,,65,730,02,8457,918500,-79,-2,"[""OK"", ""failed_timeout"", ""failed_timeout""]",,32.09815,34.84773,,jumbo jay
326,6,IDLE,,0,+56962515275,0,6,2026-01-27 23:55:58,auto,1,0,0,+56912345606,Quectel EG25,867929068591668,730011455844210,1,Operator X,LTE,9579,,,5,730,02,7858,680117,-81,-2,"[""failed_timeout"", ""failed_timeout""]",,32.09815,34.84773,,jumbo jay
327,7,IDLE,,0,+56962515275,0,7,2026-01-27 23:55:58,auto,1,0,0,+56912345607,Quectel EG25,867929068557594,730011455845017,5,Operator X,LTE,9961,,,24,730,02,3745,918920,-100,-8,"[""OK"", ""failed_timeout""]",,32.09815,34.84773,,jumbo jay
328,8,IDLE,,0,+56962515275,0,8,2026-01-27 23:55:58,auto,1,0,0,+56912345608,Quectel EG25,867929068562480,730011455842886,5,Operator X,LTE,9749,,,99,730,02,2382,504486,-59,-13,"[""OK"", ""failed_timeout""]",,32.09815,34.84773,,jumbo jay
329,9,IDLE,,0,+56962515275,0,9,2026-01-27 23:55:58,auto,1,0,0,+56912345609,Quectel EG25,867929068548089,730011455843071,1,Operator X,LTE,9295,,,56,730,02,8350,845656,-67,-2,"[""failed_timeout"", ""failed_timeout""]",,32.09815,34.84773,,jumbo jay
306,1,IDLE,,0,+56962515275,0,1,2026-01-27 23:55:55,auto,1,0,0,+56912345601,Quectel EG25,867929068550300,730011455845443,1,Operator X,LTE,9054,,,30,730,02,2303,415997,-82,-17,"[""OK"", ""failed_timeout"", ""failed_timeout""]",,32.09815,34.84773,,jumbo jay
307,2,IDLE,,0,+56962515275,0,2,2026-01-27 23:55:55,auto,1,0,0,+56912345602,Quectel EG25,867929068574280,730011455848943,5,Operator X,LTE,9685,,,35,730,02,7512,989339,-76,-19,"[""OK"", ""failed_timeout"", ""failed_timeout""]",,32.09815,34.84773,,jumbo jay
308,3,IDLE,,0,+56962515275,0,3,2026-01-27 23:55:55,auto,1,0,0,+56912345603,Quectel EG25,867929068576058,730011455846270,5,Operator X,LTE,9530,,,13,730,02,4114,390163,-114,-12,"[""OK"", ""OK""]",,32.09815,34.84773,,jumbo jay
309,4,IDLE,,0,+56962515275,0,4,2026-01-27 23:55:55,auto,1,0,0,+56912345604,Quectel EG25,867929068583415,730011455849218,1,Operator X,LTE,9722,,,69,730,02,3838,977961,-70,-13,"[""OK"", ""failed_timeout"", ""failed_timeout""]",,32.09815,34.84773,,jumbo jay
310,5,IDLE,,0,+56962515275,0,5,2026-01-27 23:55:55,auto,1,0,0,+56912345605,Quectel EG25,867929068525710,730011455844729,3,Operator X,LTE,9752,,,73,730,02,5690,543275,-87,-10,"[""OK"", ""failed_timeout"", ""failed_timeout""]",,32.09815,34.84773,,jumbo jay
311,6,IDLE,,0,+56962515275,0,6,2026-01-27 23:55:55,auto,1,0,0,+56912345606,Quectel EG25,867929068511689,730011455847360,3,Operator X,LTE,9203,,,58,730,02,9534,589533,-85,-7,"[""OK"", ""failed_timeout""]",,32.09815,34.84773,,jumbo jay
312,7,IDLE,,0,+56962515275,0,7,2026-01-27 23:55:55,auto,1,0,0,+56912345607,Quectel EG25,867929068557909,730011455842882,3,Operator X,LTE,9978,,,51,730,02,6185,377863,-75,-11,"[""OK"", ""OK""]",,32.09815,34.84773,,jumbo jay
313,8,IDLE,,0,+56962515275,0,8,2026-01-27 23:55:55,auto,1,0,0,+56912345608,Quectel EG25,867929068574091,730011455844324,5,Operator X,LTE,9670,,,96,730,02,9237,515406,-52,-5,"[""OK"", ""failed_timeout"", ""failed_timeout""]",,32.09815,34.84773,,jumbo jay
314,9,IDLE,,0,+56962515275,0,9,2026-01-27 23:55:55,auto,1,0,0,+56912345609,Quectel EG25,867929068599445,730011455843832,1,Operator X,LTE,9818,,,53,730,02,7400,614181,-65,-20,"[""OK"", ""OK""]",,32.09815,34.84773,,jumbo jay
315,10,IDLE,,0,+56962515275,0,10,2026-01-27 23:55:55,auto,1,0,0,+56912345610,Quectel EG25,867929068514157,730011455846700,1,Operator X,LTE,9073,,,22,730,02,9029,547201,-77,-17,"[""OK"", ""OK""]",,32.09815,34.84773,,jumbo jay
316,11,IDLE,,0,+56962515275,0,11,2026-01-27 23:55:55,auto,1,0,0,+56912345611,Quectel EG25,867929068597893,730011455842768,3,Operator X,LTE,9385,,,17,730,02,7502,502614,-120,-4,"[""OK"", ""OK""]",,32.09815,34.84773,,jumbo jay
317,12,IDLE,,0,+56962515275,0,12,2026-01-27 23:55:55,auto,1,0,0,+56912345612,Quectel EG25,867929068583001,730011455847020,5,Operator X,LTE,9757,,,8,730,02,3802,566919,-94,-9,"[""OK"", ""failed_timeout""]",,32.09815,34.84773,,jumbo jay
318,13,IDLE,,0,+56962515275,0,13,2026-01-27 23:55:55,auto,1,0,0,+56912345613,Quectel EG25,867929068560211,730011455846029,1,Operator X,LTE,9930,,,81,730,02,5363,56161,-119,-5,"[""OK"", ""failed_timeout"", ""failed_timeout""]",,32.09815,34.84773,,jumbo jay
319,14,IDLE,,0,+56962515275,0,14,2026-01-27 23:55:55,auto,1,0,0,+56912345614,Quectel EG25,867929068516989,730011455849541,5,Operator X,LTE,9589,,,8,730,02,1142,333270,-104,-8,"[""OK"", ""failed_timeout"", ""failed_timeout""]",,32.09815,34.84773,,jumbo jay
320,15,IDLE,,0,+56962515275,0,15,2026-01-27 23:55:55,auto,1,0,0,+56912345615,Quectel EG25,867929068570516,730011455842436,1,Operator X,LTE,9181,,,29,730,02,5486,313037,-54,-15,"[""OK"", ""OK""]",,32.09815,34.84773,,jumbo jay
303,1,IDLE,,0,+56962515275,0,1,2026-01-27 23:55:52,auto,1,0,0,+56912345601,Quectel EG25,867929068528477,730011455843902,1,Operator X,LTE,9721,,,64,730,02,2455,650849,-80,-14,"[""OK"", ""failed_timeout"", ""failed_timeout""]",,32.09815,34.84773,,jumbo jay
304,2,IDLE,,0,+56962515275,0,2,2026-01-27 23:55:52,auto,1,0,0,+56912345602,Quectel EG25,867929068586415,730011455844253,1,Operator X,LTE,9311,,,62,730,02,8481,530920,-71,-20,"[""OK"", ""OK""]",,32.09815,34.84773,,jumbo jay
305,3,IDLE,,0,+56962515275,0,3,2026-01-27 23:55:52,auto,1,0,0,+56912345603,Quectel EG25,867929068531955,730011455845164,5,Operator X,LTE,9607,,,59,730,02,2627,786721,-55,0,"[""failed_timeout"", ""failed_timeout""]",,32.09815,34.84773,,jumbo jay
290,1,IDLE,,0,+56962515275,0,1,2026-01-27 23:55:49,auto,1,0,0,+56912345601,Quectel EG25,867929068595546,730011455844663,5,Operator X,LTE,9678,,,92,730,02,9095,803237,-103,-10,"[""OK"", ""failed_timeout""]",,32.09815,34.84773,,jumbo jay
291,2,IDLE,,0,+56962515275,0,2,2026-01-27 23:55:49,auto,1,0,0,+56912345602,Quectel EG25,867929068541133,730011455848631,5,Operator X,LTE,9122,,,99,730,02,4636,915361,-69,-5,"[""OK"", ""failed_timeout""]",,32.09815,34.84773,,jumbo jay
292,3,IDLE,,0,+56962515275,0,3,2026-01-27 23:55:49,auto,1,0,0,+56912345603,Quectel EG25,867929068587761,730011455844637,3,Operator X,LTE,9525,,,59,730,02,3040,662213,-67,-11,"[""failed_timeout"", ""failed_timeout""]",,32.09815,34.84773,,jumbo jay
293,4,IDLE,,0,+56962515275,0,4,2026-01-27 23:55:49,auto,1,0,0,+56912345604,Quectel EG25,867929068572340,730011455843939,5,Operator X,LTE,9792,,,41,730,02,4092,977717,-105,-20,"[""OK"", ""failed_timeout"", ""failed_timeout""]",,32.09815,34.84773,,jumbo jay
294,5,IDLE,,0,+56962515275,0,5,2026-01-27 23:55:49,auto,1,0,0,+56912345605,Quectel EG25,867929068553847,730011455844191,3,Operator X,LTE,9588,,,45,730,02,4511,445128,-63,-12,"[""OK"", ""failed_timeout"", ""failed_timeout""]",,32.09815,34.84773,,jumbo jay
295,6,IDLE,,0,+56962515275,0,6,2026-01-27 23:55:49,auto,1,0,0,+56912345606,Quectel EG25,867929068548330,730011455841355,3,Operator X,LTE,9595,,,55,730,02,6882,202486,-119,-11,"[""OK"", ""failed_timeout"", ""failed_timeout""]",,32.09815,34.84773,,jumbo jay
296,7,IDLE,,0,+56962515275,0,7,2026-01-27 23:55:49,auto,1,0,0,+56912345607,Quectel EG25,867929068591560,730011455849895,3,Operator X,LTE,9159,,,62,730,02,2995,500782,-59,-14,"[""OK"", ""failed_timeout"", ""failed_timeout""]",,32.09815,34.84773,,jumbo jay
297,8,IDLE,,0,+56962515275,0,8,2026-01-27 23:55:49,auto,1,0,0,+56912345608,Quectel EG25,867929068530673,730011455842937,1,Operator X,LTE,9429,,,95,730,02,1575,791223,-90,-20,"[""failed_timeout"", ""failed_timeout""]",,32.09815,34.84773,,jumbo jay
298,9,IDLE,,0,+56962515275,0,9,2026-01-27 23:55:49,auto,1,0,0,+56912345609,Quectel EG25,867929068566414,730011455848152,1,Operator X,LTE,9328,,,22,730,02,1629,188877,-58,-9,"[""OK"", ""failed_timeout"", ""failed_timeout""]",,32.09815,34.84773,,jumbo jay
299,10,IDLE,,0,+56962515275,0,10,2026-01-27 23:55:49,auto,1,0,0,+56912345610,Quectel EG25,867929068593228,730011455845671,5,Operator X,LTE,9831,,,35,730,02,8722,681844,-77,-3,"[""OK"", ""OK""]",,32.09815,34.84773,,jumbo jay
300,11,IDLE,,0,+56962515275,0,11,2026-01-27 23:55:49,auto,1,0,0,+56912345611,Quectel EG25,867929068580102,730011455845549,1,Operator X,LTE,9758,,,100,730,02,3896,425158,-88,-5,"[""OK"", ""OK""]",,32.09815,34.84773,,jumbo jay
301,12,IDLE,,0,+56962515275,0,12,2026-01-27 23:55:49,auto,1,0,0,+56912345612,Quectel EG25,867929068535049,730011455844976,5,Operator X,LTE,9447,,,81,730,02,6371,498205,-97,-4,"[""failed_timeout"", ""failed_timeout""]",,32.09815,34.84773,,jumbo jay
302,13,IDLE,,0,+56962515275,0,13,2026-01-27 23:55:49,auto,1,0,0,+56912345613,Quectel EG25,867929068555852,730011455846197,1,Operator X,LTE,9817,,,78,730,02,9940,248884,-109,-11,"[""OK"", ""failed_timeout""]",,32.09815,34.84773,,jumbo jay
284,1,IDLE,,0,+56962515275,0,1,2026-01-27 23:55:46,auto,1,0,0,+56912345601,Quectel EG25,867929068584338,730011455849839,1,Operator X,LTE,9599,,,10,730,02,3495,260911,-91,-3,"[""OK"", ""failed_timeout""]",,32.09815,34.84773,,jumbo jay
285,2,IDLE,,0,+56962515275,0,2,2026-01-27 23:55:46,auto,1,0,0,+56912345602,Quectel EG25,867929068583314,730011455843000,5,Operator X,LTE,9309,,,91,730,02,8541,986647,-93,-1,"[""OK"", ""failed_timeout"", ""failed_timeout""]",,32.09815,34.84773,,jumbo jay
286,3,IDLE,,0,+56962515275,0,3,2026-01-27 23:55:46,auto,1,0,0,+56912345603,Quectel EG25,867929068562419,730011455849334,3,Operator X,LTE,9890,,,31,730,02,7613,11088,-111,-8,"[""OK"", ""failed_timeout""]",,32.09815,34.84773,,jumbo jay
287,4,IDLE,,0,+56962515275,0,4,2026-01-27 23:55:46,auto,1,0,0,+56912345604,Quectel EG25,867929068579065,730011455841069,1,Operator X,LTE,9033,,,17,730,02,9244,786569,-110,-16,"[""OK"", ""OK""]",,32.09815,34.84773,,jumbo jay
288,5,IDLE,,0,+56962515275,0,5,2026-01-27 23:55:46,auto,1,0,0,+56912345605,Quectel EG25,867929068584962,730011455842245,5,Operator X,LTE,9855,,,42,730,02,2430,598565,-73,-15,"[""OK"", ""OK""]",,32.09815,34.84773,,jumbo jay
289,6,IDLE,,0,+56962515275,0,6,2026-01-27 23:55:46,auto,1,0,0,+56912345606,Quectel EG25,867929068550977,730011455848829,3,Operator X,LTE,9181,,,90,730,02,5298,801788,-97,0,"[""OK"", ""failed_timeout""]",,32.09815,34.84773,,jumbo jay
276,1,IDLE,,0,+56962515275,0,1,2026-01-27 23:55:19,auto,1,0,0,+56912345601,Quectel EG25,867929068531594,730011455841691,1,Operator X,LTE,9093,,,90,730,02,4300,251138,-81,-4,"[""OK"", ""failed_timeout"", ""failed_timeout""]",,32.09815,34.84773,,Default_Session
277,2,IDLE,,0,+56962515275,0,2,2026-01-27 23:55:19,auto,1,0,0,+56912345602,Quectel EG25,867929068519258,730011455848668,1,Operator X,LTE,9609,,,14,730,02,9594,943787,-101,-15,"[""failed_timeout"", ""failed_timeout""]",,32.09815,34.84773,,Default_Session
278,3,IDLE,,0,+56962515275,0,3,2026-01-27 23:55:19,auto,1,0,0,+56912345603,Quectel EG25,867929068549031,730011455848486,3,Operator X,LTE,9957,,,25,730,02,8767,850790,-50,-4,"[""OK"", ""failed_timeout"", ""failed_timeout""]",,32.09815,34.84773,,Default_Session
279,4,IDLE,,0,+56962515275,0,4,2026-01-27 23:55:19,auto,1,0,0,+56912345604,Quectel EG25,867929068576617,730011455841439,3,Operator X,LTE,9462,,,85,730,02,8554,582309,-77,-6,"[""OK"", ""failed_timeout""]",,32.09815,34.84773,,Default_Session
280,5,IDLE,,0,+56962515275,0,5,2026-01-27 23:55:19,auto,1,0,0,+56912345605,Quectel EG25,867929068531161,730011455842549,5,Operator X,LTE,9973,,,25,730,02,1257,873827,-83,-18,"[""OK"", ""failed_timeout""]",,32.09815,34.84773,,Default_Session
281,6,IDLE,,0,+56962515275,0,6,2026-01-27 23:55:19,auto,1,0,0,+56912345606,Quectel EG25,867929068563185,730011455844803,5,Operator X,LTE,9929,,,76,730,02,3538,902060,-56,-6,"[""OK"", ""failed_timeout""]",,32.09815,34.84773,,Default_Session
282,7,IDLE,,0,+56962515275,0,7,2026-01-27 23:55:19,auto,1,0,0,+56912345607,Quectel EG25,867929068546118,730011455846908,1,Operator X,LTE,9485,,,70,730,02,7785,707807,-119,-1,"[""failed_timeout"", ""failed_timeout""]",,32.09815,34.84773,,Default_Session
283,8,IDLE,,0,+56962515275,0,8,2026-01-27 23:55:19,auto,1,0,0,+56912345608,Quectel EG25,867929068579273,730011455848243,3,Operator X,LTE,9419,,,4,730,02,7988,422631,-100,-18,"[""failed_timeout"", ""failed_timeout""]",,32.09815,34.84773,,Default_Session
261,1,IDLE,,0,+56962515275,0,1,2026-01-27 23:55:16,auto,1,0,0,+56912345601,Quectel EG25,867929068596848,730011455844088,5,Operator X,LTE,9902,,,47,730,02,7740,366709,-95,-9,"[""OK"", ""OK""]",,32.09815,34.84773,,Default_Session
262,2,IDLE,,0,+56962515275,0,2,2026-01-27 23:55:16,auto,1,0,0,+56912345602,Quectel EG25,867929068562369,730011455847329,5,Operator X,LTE,9492,,,53,730,02,9141,588230,-66,-6,"[""OK"", ""failed_timeout""]",,32.09815,34.84773,,Default_Session
263,3,IDLE,,0,+56962515275,0,3,2026-01-27 23:55:16,auto,1,0,0,+56912345603,Quectel EG25,867929068582000,730011455841488,1,Operator X,LTE,9560,,,96,730,02,8389,553911,-88,-15,"[""OK"", ""failed_timeout""]",,32.09815,34.84773,,Default_Session
264,4,IDLE,,0,+56962515275,0,4,2026-01-27 23:55:16,auto,1,0,0,+56912345604,Quectel EG25,867929068574492,730011455849633,5,Operator X,LTE,9008,,,86,730,02,1250,578694,-109,-3,"[""OK"", ""OK""]",,32.09815,34.84773,,Default_Session
265,5,IDLE,,0,+56962515275,0,5,2026-01-27 23:55:16,auto,1,0,0,+56912345605,Quectel EG25,867929068518279,730011455842133,3,Operator X,LTE,9007,,,41,730,02,5537,782006,-58,-9,"[""OK"", ""failed_timeout"", ""failed_timeout""]",,32.09815,34.84773,,Default_Session
266,6,IDLE,,0,+56962515275,0,6,2026-01-27 23:55:16,auto,1,0,0,+56912345606,Quectel EG25,867929068575371,730011455846785,5,Operator X,LTE,9772,,,17,730,02,7100,347842,-54,-20,"[""OK"", ""failed_timeout"", ""failed_timeout""]",,32.09815,34.84773,,Default_Session
267,7,IDLE,,0,+56962515275,0,7,2026-01-27 23:55:16,auto,1,0,0,+56912345607,Quectel EG25,867929068595221,730011455844534,1,Operator X,LTE,9553,,,70,730,02,8012,331593,-80,-10,"[""failed_timeout"", ""failed_timeout""]",,32.09815,34.84773,,Default_Session
268,8,IDLE,,0,+56962515275,0,8,2026-01-27 23:55:16,auto,1,0,0,+56912345608,Quectel EG25,867929068549016,730011455841363,5,Operator X,LTE,9279,,,6,730,02,8743,302199,-89,-17,"[""OK"", ""failed_timeout""]",,32.09815,34.84773,,Default_Session
269,9,IDLE,,0,+56962515275,0,9,2026-01-27 23:55:16,auto,1,0,0,+56912345609,Quectel EG25,867929068527407,730011455841245,1,Operator X,LTE,9312,,,69,730,02,1947,332619,-95,-11,"[""OK"", ""failed_timeout"", ""failed_timeout""]",,32.09815,34.84773,,Default_Session
270,10,IDLE,,0,+56962515275,0,10,2026-01-27 23:55:16,auto,1,0,0,+56912345610,Quectel EG25,867929068556848,730011455844372,3,Operator X,LTE,9492,,,37,730,02,5757,704212,-50,-4,"[""failed_timeout"", ""failed_timeout""]",,32.09815,34.84773,,Default_Session
271,11,IDLE,,0,+56962515275,0,11,2026-01-27 23:55:16,auto,1,0,0,+56912345611,Quectel EG25,867929068512674,730011455846582,3,Operator X,LTE,9931,,,74,730,02,2355,416208,-57,-16,"[""OK"", ""failed_timeout""]",,32.09815,34.84773,,Default_Session
272,12,IDLE,,0,+56962515275,0,12,2026-01-27 23:55:16,auto,1,0,0,+56912345612,Quectel EG25,867929068552050,730011455849571,5,Operator X,LTE,9321,,,88,730,02,6135,141346,-117,-17,"[""failed_timeout"", ""failed_timeout""]",,32.09815,34.84773,,Default_Session
273,13,IDLE,,0,+56962515275,0,13,2026-01-27 23:55:16,auto,1,0,0,+56912345613,Quectel EG25,867929068572367,730011455843647,5,Operator X,LTE,9945,,,10,730,02,8470,404664,-99,-20,"[""failed_timeout"", ""failed_timeout""]",,32.09815,34.84773,,Default_Session
274,14,IDLE,,0,+56962515275,0,14,2026-01-27 23:55:16,auto,1,0,0,+56912345614,Quectel EG25,867929068595498,730011455844046,5,Operator X,LTE,9214,,,97,730,02,5131,854635,-108,0,"[""OK"", ""OK""]",,32.09815,34.84773,,Default_Session
275,15,IDLE,,0,+56962515275,0,15,2026-01-27 23:55:16,auto,1,0,0,+56912345615,Quectel EG25,867929068517350,730011455843437,3,Operator X,LTE,9937,,,27,730,02,8121,675774,-50,-12,"[""OK"", ""OK""]",,32.09815,34.84773,,Default_Session
248,1,IDLE,,0,+56962515275,0,1,2026-01-27 23:55:13,auto,1,0,0,+56912345601,Quectel EG25,867929068578970,730011455845904,3,Operator X,LTE,9206,,,74,730,02,7910,451639,-84,-11,"[""OK"", ""failed_timeout"", ""failed_timeout""]",,32.09815,34.84773,,Default_Session
249,2,IDLE,,0,+56962515275,0,2,2026-01-27 23:55:13,auto,1,0,0,+56912345602,Quectel EG25,867929068585320,730011455848450,5,Operator X,LTE,9221,,,40,730,02,7485,706287,-107,-16,"[""OK"", ""failed_timeout""]",,32.09815,34.84773,,Default_Session
250,3,IDLE,,0,+56962515275,0,3,2026-01-27 23:55:13,auto,1,0,0,+56912345603,Quectel EG25,867929068595987,730011455847881,1,Operator X,LTE,9819,,,29,730,02,6079,703000,-59,-7,"[""OK"", ""failed_timeout"", ""failed_timeout""]",,32.09815,34.84773,,Default_Session
251,4,IDLE,,0,+56962515275,0,4,2026-01-27 23:55:13,auto,1,0,0,+56912345604,Quectel EG25,867929068565623,730011455845779,5,Operator X,LTE,9013,,,6,730,02,8309,153405,-80,-17,"[""failed_timeout"", ""failed_timeout""]",,32.09815,34.84773,,Default_Session
252,5,IDLE,,0,+56962515275,0,5,2026-01-27 23:55:13,auto,1,0,0,+56912345605,Quectel EG25,867929068557371,730011455841655,1,Operator X,LTE,9413,,,97,730,02,7761,869086,-80,-10,"[""OK"", ""failed_timeout""]",,32.09815,34.84773,,Default_Session
253,6,IDLE,,0,+56962515275,0,6,2026-01-27 23:55:13,auto,1,0,0,+56912345606,Quectel EG25,867929068562134,730011455846125,1,Operator X,LTE,9984,,,67,730,02,3136,62505,-81,-10,"[""OK"", ""failed_timeout"", ""failed_timeout""]",,32.09815,34.84773,,Default_Session
254,7,IDLE,,0,+56962515275,0,7,2026-01-27 23:55:13,auto,1,0,0,+56912345607,Quectel EG25,867929068516437,730011455841413,5,Operator X,LTE,9470,,,75,730,02,8852,33023,-69,-3,"[""failed_timeout"", ""failed_timeout""]",,32.09815,34.84773,,Default_Session
255,8,IDLE,,0,+56962515275,0,8,2026-01-27 23:55:13,auto,1,0,0,+56912345608,Quectel EG25,867929068570608,730011455847709,5,Operator X,LTE,9322,,,91,730,02,2576,366925,-63,-13,"[""OK"", ""failed_timeout"", ""failed_timeout""]",,32.09815,34.84773,,Default_Session
256,9,IDLE,,0,+56962515275,0,9,2026-01-27 23:55:13,auto,1,0,0,+56912345609,Quectel EG25,867929068582545,730011455844929,5,Operator X,LTE,9824,,,96,730,02,6855,194236,-95,-16,"[""failed_timeout"", ""failed_timeout""]",,32.09815,34.84773,,Default_Session
257,10,IDLE,,0,+56962515275,0,10,2026-01-27 23:55:13,auto,1,0,0,+56912345610,Quectel EG25,867929068511463,730011455843067,1,Operator X,LTE,9121,,,100,730,02,6123,571783,-92,-12,"[""failed_timeout"", ""failed_timeout""]",,32.09815,34.84773,,Default_Session
258,11,IDLE,,0,+56962515275,0,11,2026-01-27 23:55:13,auto,1,0,0,+56912345611,Quectel EG25,867929068511985,730011455848901,5,Operator X,LTE,9675,,,88,730,02,6349,981096,-89,0,"[""failed_timeout"", ""failed_timeout""]",,32.09815,34.84773,,Default_Session
259,12,IDLE,,0,+56962515275,0,12,2026-01-27 23:55:13,auto,1,0,0,+56912345612,Quectel EG25,867929068539662,730011455844667,1,Operator X,LTE,9479,,,14,730,02,8438,790023,-72,-11,"[""OK"", ""failed_timeout""]",,32.09815,34.84773,,Default_Session
260,13,IDLE,,0,+56962515275,0,13,2026-01-27 23:55:13,auto,1,0,0,+56912345613,Quectel EG25,867929068562443,730011455846697,5,Operator X,LTE,9133,,,25,730,02,3112,284157,-73,-11,"[""OK"", ""OK""]",,32.09815,34.84773,,Default_Session
245,1,IDLE,,0,+56962515275,0,1,2026-01-27 23:55:10,auto,1,0,0,+56912345601,Quectel EG25,867929068558139,730011455841768,3,Operator X,LTE,9704,,,74,730,02,7862,236194,-61,-13,"[""OK"", ""failed_timeout"", ""failed_timeout""]",,32.09815,34.84773,,Default_Session
246,2,IDLE,,0,+56962515275,0,2,2026-01-27 23:55:10,auto,1,0,0,+56912345602,Quectel EG25,867929068583573,730011455844142,3,Operator X,LTE,9343,,,9,730,02,2988,560608,-120,-1,"[""OK"", ""OK""]",,32.09815,34.84773,,Default_Session
247,3,IDLE,,0,+56962515275,0,3,2026-01-27 23:55:10,auto,1,0,0,+56912345603,Quectel EG25,867929068555104,730011455846905,3,Operator X,LTE,9702,,,95,730,02,6218,775841,-52,-8,"[""OK"", ""failed_timeout""]",,32.09815,34.84773,,Default_Session
231,1,IDLE,,0,+56962515275,0,1,2026-01-27 23:55:07,auto,1,0,0,+56912345601,Quectel EG25,867929068523980,730011455842939,1,Operator X,LTE,9662,,,56,730,02,8968,193363,-76,-19,"[""OK"", ""failed_timeout"", ""failed_timeout""]",,32.09815,34.84773,,Default_Session
232,2,IDLE,,0,+56962515275,0,2,2026-01-27 23:55:07,auto,1,0,0,+56912345602,Quectel EG25,867929068548511,730011455842544,5,Operator X,LTE,9540,,,98,730,02,2537,637316,-81,-17,"[""OK"", ""OK""]",,32.09815,34.84773,,Default_Session
233,3,IDLE,,0,+56962515275,0,3,2026-01-27 23:55:07,auto,1,0,0,+56912345603,Quectel EG25,867929068588514,730011455847153,3,Operator X,LTE,9197,,,43,730,02,5509,951794,-92,-10,"[""failed_timeout"", ""failed_timeout""]",,32.09815,34.84773,,Default_Session
234,4,IDLE,,0,+56962515275,0,4,2026-01-27 23:55:07,auto,1,0,0,+56912345604,Quectel EG25,867929068518010,730011455842471,3,Operator X,LTE,9724,,,48,730,02,2552,470015,-97,-10,"[""OK"", ""OK""]",,32.09815,34.84773,,Default_Session
235,5,IDLE,,0,+56962515275,0,5,2026-01-27 23:55:07,auto,1,0,0,+56912345605,Quectel EG25,867929068595739,730011455846669,3,Operator X,LTE,9620,,,4,730,02,6962,975244,-54,-14,"[""OK"", ""OK""]",,32.09815,34.84773,,Default_Session
236,6,IDLE,,0,+56962515275,0,6,2026-01-27 23:55:07,auto,1,0,0,+56912345606,Quectel EG25,867929068519345,730011455844939,5,Operator X,LTE,9582,,,3,730,02,7757,41155,-51,-20,"[""failed_timeout"", ""failed_timeout""]",,32.09815,34.84773,,Default_Session
237,7,IDLE,,0,+56962515275,0,7,2026-01-27 23:55:07,auto,1,0,0,+56912345607,Quectel EG25,867929068522323,730011455844557,3,Operator X,LTE,9879,,,96,730,02,4641,753493,-98,-17,"[""OK"", ""failed_timeout""]",,32.09815,34.84773,,Default_Session
238,8,IDLE,,0,+56962515275,0,8,2026-01-27 23:55:07,auto,1,0,0,+56912345608,Quectel EG25,867929068543301,730011455849326,5,Operator X,LTE,9589,,,15,730,02,1226,708059,-87,-11,"[""OK"", ""failed_timeout"", ""failed_timeout""]",,32.09815,34.84773,,Default_Session
239,9,IDLE,,0,+56962515275,0,9,2026-01-27 23:55:07,auto,1,0,0,+56912345609,Quectel EG25,867929068526990,730011455846255,3,Operator X,LTE,9959,,,93,730,02,4117,875434,-120,-9,"[""failed_timeout"", ""failed_timeout""]",,32.09815,34.84773,,Default_Session
240,10,IDLE,,0,+56962515275,0,10,2026-01-27 23:55:07,auto,1,0,0,+56912345610,Quectel EG25,867929068538257,730011455845444,1,Operator X,LTE,9604,,,76,730,02,1998,919742,-110,-12,"[""OK"", ""failed_timeout"", ""failed_timeout""]",,32.09815,34.84773,,Default_Session
241,11,IDLE,,0,+56962515275,0,11,2026-01-27 23:55:07,auto,1,0,0,+56912345611,Quectel EG25,867929068515820,730011455845079,1,Operator X,LTE,9558,,,73,730,02,3140,871506,-111,-17,"[""OK"", ""failed_timeout"", ""failed_timeout""]",,32.09815,34.84773,,Default_Session
242,12,IDLE,,0,+56962515275,0,12,2026-01-27 23:55:07,auto,1,0,0,+56912345612,Quectel EG25,867929068599339,730011455843976,5,Operator X,LTE,9109,,,98,730,02,7703,920771,-65,-3,"[""OK"", ""OK""]",,32.09815,34.84773,,Default_Session
243,13,IDLE,,0,+56962515275,0,13,2026-01-27 23:55:07,auto,1,0,0,+56912345613,Quectel EG25,867929068537792,730011455848466,3,Operator X,LTE,9786,,,42,730,02,7827,60160,-58,-8,"[""failed_timeout"", ""failed_timeout""]",,32.09815,34.84773,,Default_Session
244,14,IDLE,,0,+56962515275,0,14,2026-01-27 23:55:07,auto,1,0,0,+56912345614,Quectel EG25,867929068534987,730011455842629,3,Operator X,LTE,9449,,,31,730,02,2495,48969,-116,-16,"[""failed_timeout"", ""failed_timeout""]",,32.09815,34.84773,,Default_Session
215,1,IDLE,,0,+56962515275,0,1,2026-01-27 23:55:04,auto,1,0,0,+56912345601,Quectel EG25,867929068554304,730011455846931,3,Operator X,LTE,9225,,,72,730,02,1389,624775,-65,-17,"[""OK"", ""OK""]",,32.09815,34.84773,,Default_Session
216,2,IDLE,,0,+56962515275,0,2,2026-01-27 23:55:04,auto,1,0,0,+56912345602,Quectel EG25,867929068542586,730011455842175,5,Operator X,LTE,9435,,,47,730,02,3717,323058,-64,-20,"[""failed_timeout"", ""failed_timeout""]",,32.09815,34.84773,,Default_Session
217,3,IDLE,,0,+56962515275,0,3,2026-01-27 23:55:04,auto,1,0,0,+56912345603,Quectel EG25,867929068586676,730011455844419,3,Operator X,LTE,9017,,,17,730,02,7939,827593,-65,-11,"[""failed_timeout"", ""failed_timeout""]",,32.09815,34.84773,,Default_Session
218,4,IDLE,,0,+56962515275,0,4,2026-01-27 23:55:04,auto,1,0,0,+56912345604,Quectel EG25,867929068549343,730011455841603,5,Operator X,LTE,9110,,,92,730,02,2954,589319,-57,-8,"[""OK"", ""OK""]",,32.09815,34.84773,,Default_Session
219,5,IDLE,,0,+56962515275,0,5,2026-01-27 23:55:04,auto,1,0,0,+56912345605,Quectel EG25,867929068526650,730011455846790,1,Operator X,LTE,9184,,,8,730,02,9054,468861,-57,-4,"[""OK"", ""failed_timeout""]",,32.09815,34.84773,,Default_Session
220,6,IDLE,,0,+56962515275,0,6,2026-01-27 23:55:04,auto,1,0,0,+56912345606,Quectel EG25,867929068522395,730011455841861,1,Operator X,LTE,9910,,,42,730,02,6944,721742,-96,-19,"[""failed_timeout"", ""failed_timeout""]",,32.09815,34.84773,,Default_Session
221,7,IDLE,,0,+56962515275,0,7,2026-01-27 23:55:04,auto,1,0,0,+56912345607,Quectel EG25,867929068587374,730011455846582,3,Operator X,LTE,9584,,,56,730,02,1920,743330,-63,-2,"[""failed_timeout"", ""failed_timeout""]",,32.09815,34.84773,,Default_Session
222,8,IDLE,,0,+56962515275,0,8,2026-01-27 23:55:04,auto,1,0,0,+56912345608,Quectel EG25,867929068591762,730011455849251,3,Operator X,LTE,9324,,,61,730,02,4551,99954,-110,-9,"[""failed_timeout"", ""failed_timeout""]",,32.09815,34.84773,,Default_Session
223,9,IDLE,,0,+56962515275,0,9,2026-01-27 23:55:04,auto,1,0,0,+56912345609,Quectel EG25,867929068555181,730011455843860,1,Operator X,LTE,9136,,,79,730,02,2949,979570,-60,-12,"[""OK"", ""failed_timeout"", ""failed_timeout""]",,32.09815,34.84773,,Default_Session
224,10,IDLE,,0,+56962515275,0,10,2026-01-27 23:55:04,auto,1,0,0,+56912345610,Quectel EG25,867929068528760,730011455841104,3,Operator X,LTE,9709,,,76,730,02,9625,446111,-98,-12,"[""OK"", ""failed_timeout""]",,32.09815,34.84773,,Default_Session
225,11,IDLE,,0,+56962515275,0,11,2026-01-27 23:55:04,auto,1,0,0,+56912345611,Quectel EG25,867929068512440,730011455843984,3,Operator X,LTE,9730,,,66,730,02,3377,685931,-110,-4,"[""failed_timeout"", ""failed_timeout""]",,32.09815,34.84773,,Default_Session
226,12,IDLE,,0,+56962515275,0,12,2026-01-27 23:55:04,auto,1,0,0,+56912345612,Quectel EG25,867929068536086,730011455849645,5,Operator X,LTE,9734,,,25,730,02,6992,912036,-88,-3,"[""OK"", ""failed_timeout""]",,32.09815,34.84773,,Default_Session
227,13,IDLE,,0,+56962515275,0,13,2026-01-27 23:55:04,auto,1,0,0,+56912345613,Quectel EG25,867929068551826,730011455844419,1,Operator X,LTE,9219,,,61,730,02,5246,130463,-117,-7,"[""OK"", ""failed_timeout""]",,32.09815,34.84773,,Default_Session
228,14,IDLE,,0,+56962515275,0,14,2026-01-27 23:55:04,auto,1,0,0,+56912345614,Quectel EG25,867929068530393,730011455847791,3,Operator X,LTE,9622,,,83,730,02,2074,729811,-77,-3,"[""OK"", ""OK""]",,32.09815,34.84773,,Default_Session
229,15,IDLE,,0,+56962515275,0,15,2026-01-27 23:55:04,auto,1,0,0,+56912345615,Quectel EG25,867929068546997,730011455846437,5,Operator X,LTE,9061,,,36,730,02,4152,816634,-96,-8,"[""failed_timeout"", ""failed_timeout""]",,32.09815,34.84773,,Default_Session
230,16,IDLE,,0,+56962515275,0,16,2026-01-27 23:55:04,auto,1,0,0,+56912345616,Quectel EG25,867929068581650,730011455841388,5,Operator X,LTE,9293,,,71,730,02,5382,886107,-74,-7,"[""OK"", ""OK""]",,32.09815,34.84773,,Default_Session
214,1,IDLE,,0,+56962515275,0,1,2026-01-27 23:55:01,auto,1,0,0,+56912345601,Quectel EG25,867929068527839,730011455849323,5,Operator X,LTE,9724,,,98,730,02,2629,28504,-119,-19,"[""OK"", ""failed_timeout""]",,32.09815,34.84773,,Default_Session
200,1,IDLE,,0,+56962515275,0,1,2026-01-27 23:54:57,auto,1,0,0,+56912345601,Quectel EG25,867929068561874,730011455847841,5,Operator X,LTE,9250,,,59,730,02,5950,277805,-113,-3,"[""OK"", ""failed_timeout""]",,32.09815,34.84773,,Default_Session
201,2,IDLE,,0,+56962515275,0,2,2026-01-27 23:54:57,auto,1,0,0,+56912345602,Quectel EG25,867929068536324,730011455849810,1,Operator X,LTE,9685,,,21,730,02,8872,711175,-84,-14,"[""OK"", ""failed_timeout""]",,32.09815,34.84773,,Default_Session
202,3,IDLE,,0,+56962515275,0,3,2026-01-27 23:54:57,auto,1,0,0,+56912345603,Quectel EG25,867929068572188,730011455845273,5,Operator X,LTE,9391,,,65,730,02,1660,816713,-95,-12,"[""failed_timeout"", ""failed_timeout""]",,32.09815,34.84773,,Default_Session
203,4,IDLE,,0,+56962515275,0,4,2026-01-27 23:54:57,auto,1,0,0,+56912345604,Quectel EG25,867929068530696,730011455842042,1,Operator X,LTE,9133,,,73,730,02,5180,721071,-64,0,"[""failed_timeout"", ""failed_timeout""]",,32.09815,34.84773,,Default_Session
204,5,IDLE,,0,+56962515275,0,5,2026-01-27 23:54:57,auto,1,0,0,+56912345605,Quectel EG25,867929068541569,730011455846321,1,Operator X,LTE,9715,,,73,730,02,2417,829357,-50,-1,"[""failed_timeout"", ""failed_timeout""]",,32.09815,34.84773,,Default_Session
205,6,IDLE,,0,+56962515275,0,6,2026-01-27 23:54:57,auto,1,0,0,+56912345606,Quectel EG25,867929068517247,730011455846291,5,Operator X,LTE,9858,,,87,730,02,4221,758645,-74,-4,"[""OK"", ""failed_timeout"", ""failed_timeout""]",,32.09815,34.84773,,Default_Session
206,7,IDLE,,0,+56962515275,0,7,2026-01-27 23:54:57,auto,1,0,0,+56912345607,Quectel EG25,867929068556575,730011455842401,1,Operator X,LTE,9276,,,90,730,02,7671,554275,-79,-17,"[""OK"", ""OK""]",,32.09815,34.84773,,Default_Session
207,8,IDLE,,0,+56962515275,0,8,2026-01-27 23:54:57,auto,1,0,0,+56912345608,Quectel EG25,867929068531941,730011455843151,3,Operator X,LTE,9416,,,6,730,02,8741,845532,-107,-5,"[""failed_timeout"", ""failed_timeout""]",,32.09815,34.84773,,Default_Session
208,9,IDLE,,0,+56962515275,0,9,2026-01-27 23:54:57,auto,1,0,0,+56912345609,Quectel EG25,867929068518748,730011455846914,5,Operator X,LTE,9601,,,31,730,02,7477,240774,-110,-10,"[""OK"", ""OK""]",,32.09815,34.84773,,Default_Session
209,10,IDLE,,0,+56962515275,0,10,2026-01-27 23:54:57,auto,1,0,0,+56912345610,Quectel EG25,867929068550499,730011455848674,3,Operator X,LTE,9374,,,90,730,02,7367,920009,-102,-2,"[""OK"", ""OK""]",,32.09815,34.84773,,Default_Session
210,11,IDLE,,0,+56962515275,0,11,2026-01-27 23:54:57,auto,1,0,0,+56912345611,Quectel EG25,867929068548077,730011455848758,1,Operator X,LTE,9075,,,90,730,02,8985,450884,-57,-19,"[""OK"", ""failed_timeout""]",,32.09815,34.84773,,Default_Session
211,12,IDLE,,0,+56962515275,0,12,2026-01-27 23:54:57,auto,1,0,0,+56912345612,Quectel EG25,867929068557523,730011455847075,5,Operator X,LTE,9679,,,17,730,02,6171,374965,-108,-3,"[""OK"", ""failed_timeout""]",,32.09815,34.84773,,Default_Session
212,13,IDLE,,0,+56962515275,0,13,2026-01-27 23:54:57,auto,1,0,0,+56912345613,Quectel EG25,867929068514653,730011455849568,5,Operator X,LTE,9730,,,16,730,02,3672,735291,-80,-16,"[""OK"", ""failed_timeout""]",,32.09815,34.84773,,Default_Session
213,14,IDLE,,0,+56962515275,0,14,2026-01-27 23:54:57,auto,1,0,0,+56912345614,Quectel EG25,867929068569796,730011455848862,5,Operator X,LTE,9013,,,98,730,02,2355,57097,-79,-16,"[""failed_timeout"", ""failed_timeout""]",,32.09815,34.84773,,Default_Session
195,1,IDLE,,0,+56962515275,0,1,2026-01-27 23:54:54,auto,1,0,0,+56912345601,Quectel EG25,867929068561746,730011455842960,5,Operator X,LTE,9009,,,97,730,02,5663,514022,-108,-20,"[""OK"", ""failed_timeout""]",,32.09815,34.84773,,Default_Session
196,2,IDLE,,0,+56962515275,0,2,2026-01-27 23:54:54,auto,1,0,0,+56912345602,Quectel EG25,867929068541539,730011455847675,3,Operator X,LTE,9862,,,35,730,02,3390,128992,-78,-4,"[""OK"", ""OK""]",,32.09815,34.84773,,Default_Session
197,3,IDLE,,0,+56962515275,0,3,2026-01-27 23:54:54,auto,1,0,0,+56912345603,Quectel EG25,867929068542597,730011455842659,1,Operator X,LTE,9676,,,16,730,02,7929,994515,-88,-6,"[""failed_timeout"", ""failed_timeout""]",,32.09815,34.84773,,Default_Session
198,4,IDLE,,0,+56962515275,0,4,2026-01-27 23:54:54,auto,1,0,0,+56912345604,Quectel EG25,867929068515123,730011455847130,5,Operator X,LTE,9393,,,98,730,02,6969,13337,-120,-17,"[""OK"", ""OK""]",,32.09815,34.84773,,Default_Session
199,5,IDLE,,0,+56962515275,0,5,2026-01-27 23:54:54,auto,1,0,0,+56912345605,Quectel EG25,867929068577273,730011455847104,1,Operator X,LTE,9040,,,8,730,02,6505,74133,-120,0,"[""OK"", ""failed_timeout"", ""failed_timeout""]",,32.09815,34.84773,,Default_Session
179,1,IDLE,,0,+56962515275,0,1,2026-01-27 23:54:51,auto,1,0,0,+56912345601,Quectel EG25,867929068566100,730011455846469,1,Operator X,LTE,9108,,,70,730,02,5257,199916,-106,-11,"[""OK"", ""OK""]",,32.09815,34.84773,,Default_Session
180,2,IDLE,,0,+56962515275,0,2,2026-01-27 23:54:51,auto,1,0,0,+56912345602,Quectel EG25,867929068558046,730011455844422,3,Operator X,LTE,9666,,,99,730,02,4444,80399,-85,-16,"[""OK"", ""OK""]",,32.09815,34.84773,,Default_Session
181,3,IDLE,,0,+56962515275,0,3,2026-01-27 23:54:51,auto,1,0,0,+56912345603,Quectel EG25,867929068536185,730011455847817,1,Operator X,LTE,9380,,,49,730,02,3799,173737,-119,-10,"[""failed_timeout"", ""failed_timeout""]",,32.09815,34.84773,,Default_Session
182,4,IDLE,,0,+56962515275,0,4,2026-01-27 23:54:51,auto,1,0,0,+56912345604,Quectel EG25,867929068552089,730011455844932,3,Operator X,LTE,9332,,,93,730,02,1716,817094,-62,-6,"[""OK"", ""failed_timeout"", ""failed_timeout""]",,32.09815,34.84773,,Default_Session
183,5,IDLE,,0,+56962515275,0,5,2026-01-27 23:54:51,auto,1,0,0,+56912345605,Quectel EG25,867929068530066,730011455841996,3,Operator X,LTE,9350,,,52,730,02,4298,363527,-82,0,"[""OK"", ""failed_timeout"", ""failed_timeout""]",,32.09815,34.84773,,Default_Session
184,6,IDLE,,0,+56962515275,0,6,2026-01-27 23:54:51,auto,1,0,0,+56912345606,Quectel EG25,867929068543516,730011455842520,5,Operator X,LTE,9678,,,24,730,02,9234,401022,-87,-5,"[""OK"", ""failed_timeout"", ""failed_timeout""]",,32.09815,34.84773,,Default_Session
185,7,IDLE,,0,+56962515275,0,7,2026-01-27 23:54:51,auto,1,0,0,+56912345607,Quectel EG25,867929068576543,730011455843640,5,Operator X,LTE,9799,,,5,730,02,3856,934904,-116,-8,"[""OK"", ""failed_timeout""]",,32.09815,34.84773,,Default_Session
186,8,IDLE,,0,+56962515275,0,8,2026-01-27 23:54:51,auto,1,0,0,+56912345608,Quectel EG25,867929068531756,730011455844729,3,Operator X,LTE,9592,,,2,730,02,4686,343159,-68,-4,"[""OK"", ""failed_timeout"", ""failed_timeout""]",,32.09815,34.84773,,Default_Session
187,9,IDLE,,0,+56962515275,0,9,2026-01-27 23:54:51,auto,1,0,0,+56912345609,Quectel EG25,867929068562897,730011455843992,1,Operator X,LTE,9204,,,19,730,02,7580,905322,-50,-14,"[""OK"", ""failed_timeout"", ""failed_timeout""]",,32.09815,34.84773,,Default_Session
188,10,IDLE,,0,+56962515275,0,10,2026-01-27 23:54:51,auto,1,0,0,+56912345610,Quectel EG25,867929068520436,730011455848758,5,Operator X,LTE,9530,,,4,730,02,3212,953928,-66,-5,"[""failed_timeout"", ""failed_timeout""]",,32.09815,34.84773,,Default_Session
189,11,IDLE,,0,+56962515275,0,11,2026-01-27 23:54:51,auto,1,0,0,+56912345611,Quectel EG25,867929068555941,730011455843957,3,Operator X,LTE,9059,,,16,730,02,1596,671027,-51,-15,"[""OK"", ""OK""]",,32.09815,34.84773,,Default_Session
190,12,IDLE,,0,+56962515275,0,12,2026-01-27 23:54:51,auto,1,0,0,+56912345612,Quectel EG25,867929068521206,730011455843951,1,Operator X,LTE,9147,,,89,730,02,2402,132379,-85,-14,"[""OK"", ""OK""]",,32.09815,34.84773,,Default_Session
191,13,IDLE,,0,+56962515275,0,13,2026-01-27 23:54:51,auto,1,0,0,+56912345613,Quectel EG25,867929068598669,730011455843376,1,Operator X,LTE,9284,,,63,730,02,3043,529491,-107,-4,"[""OK"", ""failed_timeout"", ""failed_timeout""]",,32.09815,34.84773,,Default_Session
192,14,IDLE,,0,+56962515275,0,14,2026-01-27 23:54:51,auto,1,0,0,+56912345614,Quectel EG25,867929068582799,730011455847036,5,Operator X,LTE,9635,,,10,730,02,2090,980346,-65,-15,"[""OK"", ""OK""]",,32.09815,34.84773,,Default_Session
193,15,IDLE,,0,+56962515275,0,15,2026-01-27 23:54:51,auto,1,0,0,+56912345615,Quectel EG25,867929068514119,730011455846152,1,Operator X,LTE,9508,,,71,730,02,6233,359395,-101,-1,"[""OK"", ""failed_timeout""]",,32.09815,34.84773,,Default_Session
194,16,IDLE,,0,+56962515275,0,16,2026-01-27 23:54:51,auto,1,0,0,+56912345616,Quectel EG25,867929068589279,730011455845226,3,Operator X,LTE,9421,,,52,730,02,7174,537683,-58,-14,"[""failed_timeout"", ""failed_timeout""]",,32.09815,34.84773,,Default_Session
170,1,IDLE,,0,+56962515275,0,1,2026-01-27 23:54:48,auto,1,0,0,+56912345601,Quectel EG25,867929068516003,730011455842283,5,Operator X,LTE,9648,,,54,730,02,2444,143899,-117,-20,"[""OK"", ""failed_timeout""]",,32.09815,34.84773,,Default_Session
171,2,IDLE,,0,+56962515275,0,2,2026-01-27 23:54:48,auto,1,0,0,+56912345602,Quectel EG25,867929068547321,730011455844934,1,Operator X,LTE,9886,,,95,730,02,1277,359421,-81,-15,"[""failed_timeout"", ""failed_timeout""]",,32.09815,34.84773,,Default_Session
172,3,IDLE,,0,+56962515275,0,3,2026-01-27 23:54:48,auto,1,0,0,+56912345603,Quectel EG25,867929068562109,730011455848815,1,Operator X,LTE,9198,,,35,730,02,8998,622201,-64,-2,"[""OK"", ""failed_timeout"", ""failed_timeout""]",,32.09815,34.84773,,Default_Session
173,4,IDLE,,0,+56962515275,0,4,2026-01-27 23:54:48,auto,1,0,0,+56912345604,Quectel EG25,867929068512887,730011455843317,1,Operator X,LTE,9414,,,50,730,02,6159,183461,-114,-10,"[""OK"", ""failed_timeout""]",,32.09815,34.84773,,Default_Session
174,5,IDLE,,0,+56962515275,0,5,2026-01-27 23:54:48,auto,1,0,0,+56912345605,Quectel EG25,867929068589717,730011455848710,5,Operator X,LTE,9467,,,46,730,02,7125,909481,-55,-9,"[""failed_timeout"", ""failed_timeout""]",,32.09815,34.84773,,Default_Session
175,6,IDLE,,0,+56962515275,0,6,2026-01-27 23:54:48,auto,1,0,0,+56912345606,Quectel EG25,867929068578015,730011455848660,1,Operator X,LTE,9992,,,78,730,02,7884,28292,-96,-10,"[""OK"", ""failed_timeout"", ""failed_timeout""]",,32.09815,34.84773,,Default_Session
176,7,IDLE,,0,+56962515275,0,7,2026-01-27 23:54:48,auto,1,0,0,+56912345607,Quectel EG25,867929068592620,730011455844079,3,Operator X,LTE,9210,,,61,730,02,1902,994689,-87,-12,"[""failed_timeout"", ""failed_timeout""]",,32.09815,34.84773,,Default_Session
177,8,IDLE,,0,+56962515275,0,8,2026-01-27 23:54:48,auto,1,0,0,+56912345608,Quectel EG25,867929068590189,730011455843015,5,Operator X,LTE,9713,,,64,730,02,7507,913353,-57,-8,"[""OK"", ""failed_timeout""]",,32.09815,34.84773,,Default_Session
178,9,IDLE,,0,+56962515275,0,9,2026-01-27 23:54:48,auto,1,0,0,+56912345609,Quectel EG25,867929068573350,730011455848356,3,Operator X,LTE,9331,,,33,730,02,3371,228824,-84,-5,"[""failed_timeout"", ""failed_timeout""]",,32.09815,34.84773,,Default_Session
157,1,IDLE,,0,+56962515275,0,1,2026-01-27 23:54:45,auto,1,0,0,+56912345601,Quectel EG25,867929068584722,730011455847108,1,Operator X,LTE,9660,,,83,730,02,3391,383687,-101,-16,"[""OK"", ""failed_timeout""]",,32.09815,34.84773,,Default_Session
158,2,IDLE,,0,+56962515275,0,2,2026-01-27 23:54:45,auto,1,0,0,+56912345602,Quectel EG25,867929068581299,730011455849388,1,Operator X,LTE,9377,,,85,730,02,5489,349735,-114,-5,"[""OK"", ""OK""]",,32.09815,34.84773,,Default_Session
159,3,IDLE,,0,+56962515275,0,3,2026-01-27 23:54:45,auto,1,0,0,+56912345603,Quectel EG25,867929068538871,730011455843863,3,Operator X,LTE,9429,,,55,730,02,7723,315297,-79,-19,"[""failed_timeout"", ""failed_timeout""]",,32.09815,34.84773,,Default_Session
160,4,IDLE,,0,+56962515275,0,4,2026-01-27 23:54:45,auto,1,0,0,+56912345604,Quectel EG25,867929068531524,730011455843472,1,Operator X,LTE,9073,,,21,730,02,7011,139094,-106,-16,"[""OK"", ""OK""]",,32.09815,34.84773,,Default_Session
161,5,IDLE,,0,+56962515275,0,5,2026-01-27 23:54:45,auto,1,0,0,+56912345605,Quectel EG25,867929068584028,730011455847004,3,Operator X,LTE,9016,,,17,730,02,5255,418848,-105,-16,"[""OK"", ""failed_timeout""]",,32.09815,34.84773,,Default_Session
162,6,IDLE,,0,+56962515275,0,6,2026-01-27 23:54:45,auto,1,0,0,+56912345606,Quectel EG25,867929068541307,730011455848466,1,Operator X,LTE,9633,,,79,730,02,1443,182793,-58,-5,"[""OK"", ""failed_timeout""]",,32.09815,34.84773,,Default_Session
163,7,IDLE,,0,+56962515275,0,7,2026-01-27 23:54:45,auto,1,0,0,+56912345607,Quectel EG25,867929068589038,730011455846056,3,Operator X,LTE,9888,,,80,730,02,7715,774725,-108,-17,"[""OK"", ""failed_timeout""]",,32.09815,34.84773,,Default_Session
164,8,IDLE,,0,+56962515275,0,8,2026-01-27 23:54:45,auto,1,0,0,+56912345608,Quectel EG25,867929068536493,730011455849894,3,Operator X,LTE,9576,,,11,730,02,9365,296091,-62,-17,"[""OK"", ""failed_timeout"", ""failed_timeout""]",,32.09815,34.84773,,Default_Session
165,9,IDLE,,0,+56962515275,0,9,2026-01-27 23:54:45,auto,1,0,0,+56912345609,Quectel EG25,867929068559414,730011455846659,5,Operator X,LTE,9028,,,29,730,02,1650,265945,-83,-1,"[""failed_timeout"", ""failed_timeout""]",,32.09815,34.84773,,Default_Session
166,10,IDLE,,0,+56962515275,0,10,2026-01-27 23:54:45,auto,1,0,0,+56912345610,Quectel EG25,867929068511055,730011455849329,3,Operator X,LTE,9254,,,46,730,02,4211,218081,-118,-7,"[""OK"", ""failed_timeout"", ""failed_timeout""]",,32.09815,34.84773,,Default_Session
167,11,IDLE,,0,+56962515275,0,11,2026-01-27 23:54:45,auto,1,0,0,+56912345611,Quectel EG25,867929068534419,730011455847865,3,Operator X,LTE,9912,,,93,730,02,7964,285354,-118,-15,"[""OK"", ""OK""]",,32.09815,34.84773,,Default_Session
168,12,IDLE,,0,+56962515275,0,12,2026-01-27 23:54:45,auto,1,0,0,+56912345612,Quectel EG25,867929068523206,730011455848780,5,Operator X,LTE,9934,,,70,730,02,2093,57046,-96,-6,"[""OK"", ""OK""]",,32.09815,34.84773,,Default_Session
169,13,IDLE,,0,+56962515275,0,13,2026-01-27 23:54:45,auto,1,0,0,+56912345613,Quectel EG25,867929068525104,730011455846082,1,Operator X,LTE,9648,,,69,730,02,7576,263094,-79,-10,"[""OK"", ""OK""]",,32.09815,34.84773,,Default_Session
143,1,IDLE,,0,+56962515275,0,1,2026-01-27 23:54:42,auto,1,0,0,+56912345601,Quectel EG25,867929068564068,730011455847846,3,Operator X,LTE,9950,,,44,730,02,4452,868437,-114,-15,"[""failed_timeout"", ""failed_timeout""]",,32.09815,34.84773,,Default_Session
144,2,IDLE,,0,+56962515275,0,2,2026-01-27 23:54:42,auto,1,0,0,+56912345602,Quectel EG25,867929068599860,730011455842502,3,Operator X,LTE,9736,,,31,730,02,1720,659593,-105,-11,"[""failed_timeout"", ""failed_timeout""]",,32.09815,34.84773,,Default_Session
145,3,IDLE,,0,+56962515275,0,3,2026-01-27 23:54:42,auto,1,0,0,+56912345603,Quectel EG25,867929068536807,730011455848040,1,Operator X,LTE,9148,,,85,730,02,1726,132649,-58,-9,"[""OK"", ""failed_timeout"", ""failed_timeout""]",,32.09815,34.84773,,Default_Session
146,4,IDLE,,0,+56962515275,0,4,2026-01-27 23:54:42,auto,1,0,0,+56912345604,Quectel EG25,867929068533323,730011455842933,1,Operator X,LTE,9920,,,39,730,02,7008,590201,-118,-17,"[""OK"", ""failed_timeout"", ""failed_timeout""]",,32.09815,34.84773,,Default_Session
147,5,IDLE,,0,+56962515275,0,5,2026-01-27 23:54:42,auto,1,0,0,+56912345605,Quectel EG25,867929068581357,730011455843703,1,Operator X,LTE,9878,,,31,730,02,4659,647058,-89,-16,"[""failed_timeout"", ""failed_timeout""]",,32.09815,34.84773,,Default_Session
148,6,IDLE,,0,+56962515275,0,6,2026-01-27 23:54:42,auto,1,0,0,+56912345606,Quectel EG25,867929068530654,730011455843772,3,Operator X,LTE,9076,,,60,730,02,6459,123863,-60,-10,"[""OK"", ""failed_timeout""]",,32.09815,34.84773,,Default_Session
149,7,IDLE,,0,+56962515275,0,7,2026-01-27 23:54:42,auto,1,0,0,+56912345607,Quectel EG25,867929068521061,730011455844493,3,Operator X,LTE,9966,,,51,730,02,2194,906551,-69,-15,"[""failed_timeout"", ""failed_timeout""]",,32.09815,34.84773,,Default_Session
150,8,IDLE,,0,+56962515275,0,8,2026-01-27 23:54:42,auto,1,0,0,+56912345608,Quectel EG25,867929068552704,730011455845966,1,Operator X,LTE,9565,,,51,730,02,9499,158621,-64,-4,"[""failed_timeout"", ""failed_timeout""]",,32.09815,34.84773,,Default_Session
151,9,IDLE,,0,+56962515275,0,9,2026-01-27 23:54:42,auto,1,0,0,+56912345609,Quectel EG25,867929068517624,730011455845484,5,Operator X,LTE,9622,,,32,730,02,2092,682766,-66,-17,"[""OK"", ""failed_timeout""]",,32.09815,34.84773,,Default_Session
152,10,IDLE,,0,+56962515275,0,10,2026-01-27 23:54:42,auto,1,0,0,+56912345610,Quectel EG25,867929068595777,730011455849069,3,Operator X,LTE,9141,,,19,730,02,8531,186483,-65,-14,"[""OK"", ""failed_timeout"", ""failed_timeout""]",,32.09815,34.84773,,Default_Session
153,11,IDLE,,0,+56962515275,0,11,2026-01-27 23:54:42,auto,1,0,0,+56912345611,Quectel EG25,867929068543272,730011455845803,3,Operator X,LTE,9228,,,15,730,02,1989,148875,-119,-18,"[""OK"", ""failed_timeout""]",,32.09815,34.84773,,Default_Session
154,12,IDLE,,0,+56962515275,0,12,2026-01-27 23:54:42,auto,1,0,0,+56912345612,Quectel EG25,867929068517295,730011455841196,1,Operator X,LTE,9438,,,71,730,02,3755,533135,-100,-5,"[""OK"", ""failed_timeout""]",,32.09815,34.84773,,Default_Session
155,13,IDLE,,0,+56962515275,0,13,2026-01-27 23:54:42,auto,1,0,0,+56912345613,Quectel EG25,867929068572775,730011455845548,3,Operator X,LTE,9413,,,39,730,02,9420,442151,-109,-4,"[""failed_timeout"", ""failed_timeout""]",,32.09815,34.84773,,Default_Session
156,14,IDLE,,0,+56962515275,0,14,2026-01-27 23:54:42,auto,1,0,0,+56912345614,Quectel EG25,867929068525649,730011455843769,5,Operator X,LTE,9654,,,34,730,02,8799,137811,-111,-15,"[""OK"", ""OK""]",,32.09815,34.84773,,Default_Session
128,1,IDLE,,0,+56962515275,0,1,2026-01-27 23:54:39,auto,1,0,0,+56912345601,Quectel EG25,867929068533911,730011455846943,1,Operator X,LTE,9521,,,35,730,02,8030,293035,-111,-2,"[""failed_timeout"", ""failed_timeout""]",,32.09815,34.84773,,Default_Session
129,2,IDLE,,0,+56962515275,0,2,2026-01-27 23:54:39,auto,1,0,0,+56912345602,Quectel EG25,867929068552195,730011455843823,5,Operator X,LTE,9677,,,100,730,02,5889,809980,-87,-9,"[""OK"", ""failed_timeout""]",,32.09815,34.84773,,Default_Session
130,3,IDLE,,0,+56962515275,0,3,2026-01-27 23:54:39,auto,1,0,0,+56912345603,Quectel EG25,867929068529745,730011455846337,3,Operator X,LTE,9275,,,41,730,02,8072,734569,-52,-2,"[""OK"", ""failed_timeout""]",,32.09815,34.84773,,Default_Session
131,4,IDLE,,0,+56962515275,0,4,2026-01-27 23:54:39,auto,1,0,0,+56912345604,Quectel EG25,867929068543715,730011455847375,3,Operator X,LTE,9943,,,20,730,02,5261,956294,-64,-3,"[""OK"", ""failed_timeout""]",,32.09815,34.84773,,Default_Session
132,5,IDLE,,0,+56962515275,0,5,2026-01-27 23:54:39,auto,1,0,0,+56912345605,Quectel EG25,867929068579522,730011455849475,1,Operator X,LTE,9981,,,30,730,02,1188,707028,-60,-13,"[""OK"", ""failed_timeout"", ""failed_timeout""]",,32.09815,34.84773,,Default_Session
133,6,IDLE,,0,+56962515275,0,6,2026-01-27 23:54:39,auto,1,0,0,+56912345606,Quectel EG25,867929068516581,730011455843381,1,Operator X,LTE,9313,,,60,730,02,8269,10364,-84,-1,"[""OK"", ""OK""]",,32.09815,34.84773,,Default_Session
134,7,IDLE,,0,+56962515275,0,7,2026-01-27 23:54:39,auto,1,0,0,+56912345607,Quectel EG25,867929068599453,730011455842337,3,Operator X,LTE,9102,,,61,730,02,1407,270155,-76,-20,"[""OK"", ""failed_timeout""]",,32.09815,34.84773,,Default_Session
135,8,IDLE,,0,+56962515275,0,8,2026-01-27 23:54:39,auto,1,0,0,+56912345608,Quectel EG25,867929068535890,730011455844934,3,Operator X,LTE,9040,,,31,730,02,9469,690329,-95,-11,"[""OK"", ""failed_timeout"", ""failed_timeout""]",,32.09815,34.84773,,Default_Session
136,9,IDLE,,0,+56962515275,0,9,2026-01-27 23:54:39,auto,1,0,0,+56912345609,Quectel EG25,867929068535477,730011455846691,3,Operator X,LTE,9007,,,50,730,02,9189,874084,-53,-17,"[""OK"", ""failed_timeout""]",,32.09815,34.84773,,Default_Session
137,10,IDLE,,0,+56962515275,0,10,2026-01-27 23:54:39,auto,1,0,0,+56912345610,Quectel EG25,867929068542373,730011455849680,5,Operator X,LTE,9272,,,38,730,02,8092,633535,-51,-13,"[""OK"", ""failed_timeout""]",,32.09815,34.84773,,Default_Session
138,11,IDLE,,0,+56962515275,0,11,2026-01-27 23:54:39,auto,1,0,0,+56912345611,Quectel EG25,867929068587716,730011455842719,5,Operator X,LTE,9784,,,43,730,02,3813,855229,-81,-7,"[""failed_timeout"", ""failed_timeout""]",,32.09815,34.84773,,Default_Session
139,12,IDLE,,0,+56962515275,0,12,2026-01-27 23:54:39,auto,1,0,0,+56912345612,Quectel EG25,867929068519638,730011455849627,5,Operator X,LTE,9624,,,92,730,02,1924,915377,-112,-10,"[""OK"", ""failed_timeout""]",,32.09815,34.84773,,Default_Session
140,13,IDLE,,0,+56962515275,0,13,2026-01-27 23:54:39,auto,1,0,0,+56912345613,Quectel EG25,867929068539930,730011455846209,1,Operator X,LTE,9355,,,81,730,02,2105,781706,-58,-6,"[""OK"", ""failed_timeout"", ""failed_timeout""]",,32.09815,34.84773,,Default_Session
141,14,IDLE,,0,+56962515275,0,14,2026-01-27 23:54:39,auto,1,0,0,+56912345614,Quectel EG25,867929068518726,730011455849258,1,Operator X,LTE,9846,,,71,730,02,9245,115295,-64,-9,"[""OK"", ""failed_timeout"", ""failed_timeout""]",,32.09815,34.84773,,Default_Session
142,15,IDLE,,0,+56962515275,0,15,2026-01-27 23:54:39,auto,1,0,0,+56912345615,Quectel EG25,867929068565546,730011455844063,5,Operator X,LTE,9643,,,48,730,02,9977,301648,-94,-8,"[""OK"", ""failed_timeout""]",,32.09815,34.84773,,Default_Session
120,1,IDLE,,0,+56962515275,0,1,2026-01-27 23:54:36,auto,1,0,0,+56912345601,Quectel EG25,867929068550963,730011455846126,1,Operator X,LTE,9454,,,39,730,02,5166,505909,-76,-8,"[""OK"", ""OK""]",,32.09815,34.84773,,Default_Session
121,2,IDLE,,0,+56962515275,0,2,2026-01-27 23:54:36,auto,1,0,0,+56912345602,Quectel EG25,867929068545867,730011455849958,3,Operator X,LTE,9820,,,31,730,02,2111,571681,-101,-9,"[""OK"", ""failed_timeout""]",,32.09815,34.84773,,Default_Session
122,3,IDLE,,0,+56962515275,0,3,2026-01-27 23:54:36,auto,1,0,0,+56912345603,Quectel EG25,867929068561947,730011455842577,3,Operator X,LTE,9721,,,26,730,02,6852,726797,-54,-7,"[""OK"", ""failed_timeout"", ""failed_timeout""]",,32.09815,34.84773,,Default_Session
123,4,IDLE,,0,+56962515275,0,4,2026-01-27 23:54:36,auto,1,0,0,+56912345604,Quectel EG25,867929068596242,730011455843289,1,Operator X,LTE,9909,,,25,730,02,5577,341518,-96,-11,"[""OK"", ""failed_timeout"", ""failed_timeout""]",,32.09815,34.84773,,Default_Session
124,5,IDLE,,0,+56962515275,0,5,2026-01-27 23:54:36,auto,1,0,0,+56912345605,Quectel EG25,867929068546389,730011455848521,5,Operator X,LTE,9391,,,99,730,02,2798,416973,-52,-7,"[""OK"", ""OK""]",,32.09815,34.84773,,Default_Session
125,6,IDLE,,0,+56962515275,0,6,2026-01-27 23:54:36,auto,1,0,0,+56912345606,Quectel EG25,867929068579186,730011455847198,1,Operator X,LTE,9802,,,22,730,02,4875,587988,-76,-3,"[""OK"", ""OK""]",,32.09815,34.84773,,Default_Session
126,7,IDLE,,0,+56962515275,0,7,2026-01-27 23:54:36,auto,1,0,0,+56912345607,Quectel EG25,867929068540406,730011455842213,3,Operator X,LTE,9864,,,39,730,02,7053,343977,-67,-7,"[""OK"", ""OK""]",,32.09815,34.84773,,Default_Session
127,8,IDLE,,0,+56962515275,0,8,2026-01-27 23:54:36,auto,1,0,0,+56912345608,Quectel EG25,867929068516864,730011455848819,1,Operator X,LTE,9762,,,73,730,02,8510,841978,-65,-11,"[""failed_timeout"", ""failed_timeout""]",,32.09815,34.84773,,Default_Session
108,1,IDLE,,0,+56962515275,0,1,2026-01-27 23:54:33,auto,1,0,0,+56912345601,Quectel EG25,867929068549055,730011455842876,1,Operator X,LTE,9512,,,94,730,02,5686,933706,-91,-17,"[""OK"", ""OK""]",,32.09815,34.84773,,Default_Session
109,2,IDLE,,0,+56962515275,0,2,2026-01-27 23:54:33,auto,1,0,0,+56912345602,Quectel EG25,867929068553734,730011455847709,5,Operator X,LTE,9316,,,10,730,02,1265,863261,-73,-20,"[""OK"", ""failed_timeout""]",,32.09815,34.84773,,Default_Session
110,3,IDLE,,0,+56962515275,0,3,2026-01-27 23:54:33,auto,1,0,0,+56912345603,Quectel EG25,867929068567806,730011455843106,3,Operator X,LTE,9106,,,59,730,02,1978,61373,-91,-13,"[""OK"", ""failed_timeout"", ""failed_timeout""]",,32.09815,34.84773,,Default_Session
111,4,IDLE,,0,+56962515275,0,4,2026-01-27 23:54:33,auto,1,0,0,+56912345604,Quectel EG25,867929068554256,730011455843742,5,Operator X,LTE,9515,,,62,730,02,9302,947190,-116,-6,"[""OK"", ""failed_timeout""]",,32.09815,34.84773,,Default_Session
112,5,IDLE,,0,+56962515275,0,5,2026-01-27 23:54:33,auto,1,0,0,+56912345605,Quectel EG25,867929068510699,730011455847139,3,Operator X,LTE,9664,,,77,730,02,9980,548340,-67,-15,"[""failed_timeout"", ""failed_timeout""]",,32.09815,34.84773,,Default_Session
113,6,IDLE,,0,+56962515275,0,6,2026-01-27 23:54:33,auto,1,0,0,+56912345606,Quectel EG25,867929068593028,730011455842234,1,Operator X,LTE,9427,,,11,730,02,3511,941626,-101,-13,"[""OK"", ""failed_timeout"", ""failed_timeout""]",,32.09815,34.84773,,Default_Session
114,7,IDLE,,0,+56962515275,0,7,2026-01-27 23:54:33,auto,1,0,0,+56912345607,Quectel EG25,867929068514968,730011455842164,3,Operator X,LTE,9158,,,29,730,02,9440,506021,-85,-14,"[""OK"", ""OK""]",,32.09815,34.84773,,Default_Session
115,8,IDLE,,0,+56962515275,0,8,2026-01-27 23:54:33,auto,1,0,0,+56912345608,Quectel EG25,867929068547318,730011455844352,3,Operator X,LTE,9245,,,78,730,02,3896,308658,-66,-14,"[""OK"", ""OK""]",,32.09815,34.84773,,Default_Session
116,9,IDLE,,0,+56962515275,0,9,2026-01-27 23:54:33,auto,1,0,0,+56912345609,Quectel EG25,867929068576110,730011455845080,1,Operator X,LTE,9962,,,72,730,02,5342,902858,-64,-20,"[""failed_timeout"", ""failed_timeout""]",,32.09815,34.84773,,Default_Session
117,10,IDLE,,0,+56962515275,0,10,2026-01-27 23:54:33,auto,1,0,0,+56912345610,Quectel EG25,867929068553097,730011455846174,1,Operator X,LTE,9374,,,52,730,02,3757,120206,-79,-14,"[""failed_timeout"", ""failed_timeout""]",,32.09815,34.84773,,Default_Session
118,11,IDLE,,0,+56962515275,0,11,2026-01-27 23:54:33,auto,1,0,0,+56912345611,Quectel EG25,867929068597140,730011455843645,3,Operator X,LTE,9466,,,20,730,02,6411,667109,-59,-19,"[""OK"", ""failed_timeout"", ""failed_timeout""]",,32.09815,34.84773,,Default_Session
119,12,IDLE,,0,+56962515275,0,12,2026-01-27 23:54:33,auto,1,0,0,+56912345612,Quectel EG25,867929068546694,730011455845987,3,Operator X,LTE,9640,,,99,730,02,3581,139803,-61,-13,"[""OK"", ""failed_timeout"", ""failed_timeout""]",,32.09815,34.84773,,Default_Session
93,1,IDLE,,0,+56962515275,0,1,2026-01-27 23:54:30,auto,1,0,0,+56912345601,Quectel EG25,867929068593789,730011455846493,1,Operator X,LTE,9357,,,11,730,02,7131,78943,-108,-18,"[""OK"", ""failed_timeout"", ""failed_timeout""]",,32.09815,34.84773,,Default_Session
94,2,IDLE,,0,+56962515275,0,2,2026-01-27 23:54:30,auto,1,0,0,+56912345602,Quectel EG25,867929068571503,730011455841531,1,Operator X,LTE,9232,,,88,730,02,4405,122736,-58,-14,"[""OK"", ""failed_timeout"", ""failed_timeout""]",,32.09815,34.84773,,Default_Session
95,3,IDLE,,0,+56962515275,0,3,2026-01-27 23:54:30,auto,1,0,0,+56912345603,Quectel EG25,867929068517697,730011455849360,5,Operator X,LTE,9863,,,4,730,02,8891,888609,-105,-11,"[""failed_timeout"", ""failed_timeout""]",,32.09815,34.84773,,Default_Session
96,4,IDLE,,0,+56962515275,0,4,2026-01-27 23:54:30,auto,1,0,0,+56912345604,Quectel EG25,867929068538973,730011455841348,3,Operator X,LTE,9304,,,95,730,02,3492,725476,-69,-17,"[""failed_timeout"", ""failed_timeout""]",,32.09815,34.84773,,Default_Session
97,5,IDLE,,0,+56962515275,0,5,2026-01-27 23:54:30,auto,1,0,0,+56912345605,Quectel EG25,867929068584542,730011455841085,5,Operator X,LTE,9971,,,77,730,02,2811,826042,-86,-1,"[""OK"", ""failed_timeout""]",,32.09815,34.84773,,Default_Session
98,6,IDLE,,0,+56962515275,0,6,2026-01-27 23:54:30,auto,1,0,0,+56912345606,Quectel EG25,867929068557145,730011455845587,3,Operator X,LTE,9039,,,40,730,02,3922,410389,-108,-14,"[""OK"", ""failed_timeout"", ""failed_timeout""]",,32.09815,34.84773,,Default_Session
99,7,IDLE,,0,+56962515275,0,7,2026-01-27 23:54:30,auto,1,0,0,+56912345607,Quectel EG25,867929068535506,730011455841289,5,Operator X,LTE,9946,,,67,730,02,1468,139514,-117,-19,"[""failed_timeout"", ""failed_timeout""]",,32.09815,34.84773,,Default_Session
100,8,IDLE,,0,+56962515275,0,8,2026-01-27 23:54:30,auto,1,0,0,+56912345608,Quectel EG25,867929068567296,730011455844061,3,Operator X,LTE,9855,,,64,730,02,9506,570412,-112,-3,"[""OK"", ""failed_timeout""]",,32.09815,34.84773,,Default_Session
101,9,IDLE,,0,+56962515275,0,9,2026-01-27 23:54:30,auto,1,0,0,+56912345609,Quectel EG25,867929068550768,730011455847989,1,Operator X,LTE,9201,,,30,730,02,2883,689510,-92,-6,"[""OK"", ""failed_timeout""]",,32.09815,34.84773,,Default_Session
102,10,IDLE,,0,+56962515275,0,10,2026-01-27 23:54:30,auto,1,0,0,+56912345610,Quectel EG25,867929068528037,730011455849927,5,Operator X,LTE,9463,,,54,730,02,4176,894444,-83,-18,"[""OK"", ""failed_timeout""]",,32.09815,34.84773,,Default_Session
103,11,IDLE,,0,+56962515275,0,11,2026-01-27 23:54:30,auto,1,0,0,+56912345611,Quectel EG25,867929068555613,730011455844934,1,Operator X,LTE,9702,,,45,730,02,5010,673822,-92,-4,"[""OK"", ""failed_timeout""]",,32.09815,34.84773,,Default_Session
104,12,IDLE,,0,+56962515275,0,12,2026-01-27 23:54:30,auto,1,0,0,+56912345612,Quectel EG25,867929068580979,730011455842488,5,Operator X,LTE,9967,,,52,730,02,1982,261444,-79,-17,"[""OK"", ""OK""]",,32.09815,34.84773,,Default_Session
105,13,IDLE,,0,+56962515275,0,13,2026-01-27 23:54:30,auto,1,0,0,+56912345613,Quectel EG25,867929068547389,730011455844628,5,Operator X,LTE,9961,,,58,730,02,1535,435880,-114,-13,"[""OK"", ""failed_timeout"", ""failed_timeout""]",,32.09815,34.84773,,Default_Session
106,14,IDLE,,0,+56962515275,0,14,2026-01-27 23:54:30,auto,1,0,0,+56912345614,Quectel EG25,867929068599561,730011455844675,1,Operator X,LTE,9465,,,6,730,02,8305,906652,-82,-3,"[""OK"", ""OK""]",,32.09815,34.84773,,Default_Session
107,15,IDLE,,0,+56962515275,0,15,2026-01-27 23:54:30,auto,1,0,0,+56912345615,Quectel EG25,867929068584758,730011455843333,5,Operator X,LTE,9765,,,80,730,02,2169,882044,-108,-4,"[""OK"", ""failed_timeout""]",,32.09815,34.84773,,Default_Session
92,1,IDLE,,0,+56962515275,0,1,2026-01-27 23:54:27,auto,1,0,0,+56912345601,Quectel EG25,867929068543146,730011455846949,3,Operator X,LTE,9219,,,89,730,02,6627,974691,-111,-3,"[""OK"", ""failed_timeout""]",,32.09815,34.84773,,Default_Session
77,1,IDLE,,0,+56962515275,0,1,2026-01-27 23:54:24,auto,1,0,0,+56912345601,Quectel EG25,867929068587806,730011455848852,3,Operator X,LTE,9125,,,60,730,02,5198,301810,-105,-6,"[""OK"", ""failed_timeout"", ""failed_timeout""]",,32.09815,34.84773,,Default_Session
78,2,IDLE,,0,+56962515275,0,2,2026-01-27 23:54:24,auto,1,0,0,+56912345602,Quectel EG25,867929068569759,730011455849609,3,Operator X,LTE,9215,,,59,730,02,7310,150524,-56,-13,"[""OK"", ""failed_timeout"", ""failed_timeout""]",,32.09815,34.84773,,Default_Session
79,3,IDLE,,0,+56962515275,0,3,2026-01-27 23:54:24,auto,1,0,0,+56912345603,Quectel EG25,867929068534737,730011455847158,1,Operator X,LTE,9970,,,30,730,02,5718,534475,-97,-11,"[""OK"", ""OK""]",,32.09815,34.84773,,Default_Session
80,4,IDLE,,0,+56962515275,0,4,2026-01-27 23:54:24,auto,1,0,0,+56912345604,Quectel EG25,867929068530759,730011455843750,5,Operator X,LTE,9408,,,34,730,02,1379,734230,-93,-15,"[""OK"", ""OK""]",,32.09815,34.84773,,Default_Session
81,5,IDLE,,0,+56962515275,0,5,2026-01-27 23:54:24,auto,1,0,0,+56912345605,Quectel EG25,867929068540353,730011455849913,5,Operator X,LTE,9439,,,8,730,02,8838,610273,-95,-15,"[""failed_timeout"", ""failed_timeout""]",,32.09815,34.84773,,Default_Session
82,6,IDLE,,0,+56962515275,0,6,2026-01-27 23:54:24,auto,1,0,0,+56912345606,Quectel EG25,867929068580377,730011455844754,1,Operator X,LTE,9117,,,55,730,02,8223,750709,-83,-3,"[""OK"", ""failed_timeout""]",,32.09815,34.84773,,Default_Session
83,7,IDLE,,0,+56962515275,0,7,2026-01-27 23:54:24,auto,1,0,0,+56912345607,Quectel EG25,867929068515631,730011455843192,5,Operator X,LTE,9979,,,37,730,02,7426,780295,-63,-11,"[""OK"", ""failed_timeout""]",,32.09815,34.84773,,Default_Session
84,8,IDLE,,0,+56962515275,0,8,2026-01-27 23:54:24,auto,1,0,0,+56912345608,Quectel EG25,867929068563215,730011455842704,3,Operator X,LTE,9836,,,39,730,02,2219,288488,-94,-12,"[""OK"", ""OK""]",,32.09815,34.84773,,Default_Session
85,9,IDLE,,0,+56962515275,0,9,2026-01-27 23:54:24,auto,1,0,0,+56912345609,Quectel EG25,867929068526193,730011455848114,5,Operator X,LTE,9059,,,100,730,02,7127,521418,-110,-8,"[""failed_timeout"", ""failed_timeout""]",,32.09815,34.84773,,Default_Session
86,10,IDLE,,0,+56962515275,0,10,2026-01-27 23:54:24,auto,1,0,0,+56912345610,Quectel EG25,867929068562598,730011455844602,5,Operator X,LTE,9990,,,49,730,02,7894,77665,-96,-5,"[""OK"", ""OK""]",,32.09815,34.84773,,Default_Session
87,11,IDLE,,0,+56962515275,0,11,2026-01-27 23:54:24,auto,1,0,0,+56912345611,Quectel EG25,867929068538667,730011455844127,5,Operator X,LTE,9868,,,76,730,02,9700,307171,-104,-6,"[""OK"", ""OK""]",,32.09815,34.84773,,Default_Session
88,12,IDLE,,0,+56962515275,0,12,2026-01-27 23:54:24,auto,1,0,0,+56912345612,Quectel EG25,867929068586422,730011455849214,5,Operator X,LTE,9257,,,67,730,02,8260,372741,-104,-3,"[""OK"", ""OK""]",,32.09815,34.84773,,Default_Session
89,13,IDLE,,0,+56962515275,0,13,2026-01-27 23:54:24,auto,1,0,0,+56912345613,Quectel EG25,867929068582457,730011455843539,5,Operator X,LTE,9797,,,49,730,02,6189,478395,-93,0,"[""failed_timeout"", ""failed_timeout""]",,32.09815,34.84773,,Default_Session
90,14,IDLE,,0,+56962515275,0,14,2026-01-27 23:54:24,auto,1,0,0,+56912345614,Quectel EG25,867929068567228,730011455842371,5,Operator X,LTE,9147,,,57,730,02,1528,706231,-72,-16,"[""OK"", ""failed_timeout""]",,32.09815,34.84773,,Default_Session
91,15,IDLE,,0,+56962515275,0,15,2026-01-27 23:54:24,auto,1,0,0,+56912345615,Quectel EG25,867929068513041,730011455846377,5,Operator X,LTE,9979,,,86,730,02,3830,797054,-68,-8,"[""failed_timeout"", ""failed_timeout""]",,32.09815,34.84773,,Default_Session
73,1,IDLE,,0,+56962515275,0,1,2026-01-27 23:54:21,auto,1,0,0,+56912345601,Quectel EG25,867929068572360,730011455842754,5,Operator X,LTE,9798,,,15,730,02,4986,237034,-67,-1,"[""OK"", ""OK""]",,32.09815,34.84773,,Default_Session
74,2,IDLE,,0,+56962515275,0,2,2026-01-27 23:54:21,auto,1,0,0,+56912345602,Quectel EG25,867929068541882,730011455842284,1,Operator X,LTE,9762,,,95,730,02,7517,218123,-90,0,"[""OK"", ""OK""]",,32.09815,34.84773,,Default_Session
75,3,IDLE,,0,+56962515275,0,3,2026-01-27 23:54:21,auto,1,0,0,+56912345603,Quectel EG25,867929068510660,730011455846216,5,Operator X,LTE,9910,,,96,730,02,6758,303476,-102,-11,"[""OK"", ""failed_timeout"", ""failed_timeout""]",,32.09815,34.84773,,Default_Session
76,4,IDLE,,0,+56962515275,0,4,2026-01-27 23:54:21,auto,1,0,0,+56912345604,Quectel EG25,867929068545663,730011455845593,1,Operator X,LTE,9927,,,40,730,02,3018,307499,-95,-19,"[""OK"", ""failed_timeout"", ""failed_timeout""]",,32.09815,34.84773,,Default_Session
60,1,IDLE,,0,+56962515275,0,1,2026-01-27 23:54:18,auto,1,0,0,+56912345601,Quectel EG25,867929068577405,730011455847707,1,Operator X,LTE,9579,,,72,730,02,9327,299382,-69,0,"[""OK"", ""OK""]",,32.09815,34.84773,,Default_Session
61,2,IDLE,,0,+56962515275,0,2,2026-01-27 23:54:18,auto,1,0,0,+56912345602,Quectel EG25,867929068597247,730011455841710,1,Operator X,LTE,9896,,,18,730,02,6923,952439,-52,-1,"[""OK"", ""failed_timeout""]",,32.09815,34.84773,,Default_Session
62,3,IDLE,,0,+56962515275,0,3,2026-01-27 23:54:18,auto,1,0,0,+56912345603,Quectel EG25,867929068561746,730011455846401,5,Operator X,LTE,9617,,,9,730,02,2290,498188,-55,-6,"[""OK"", ""failed_timeout""]",,32.09815,34.84773,,Default_Session
63,4,IDLE,,0,+56962515275,0,4,2026-01-27 23:54:18,auto,1,0,0,+56912345604,Quectel EG25,867929068534126,730011455846895,5,Operator X,LTE,9250,,,43,730,02,6715,89101,-85,-12,"[""OK"", ""OK""]",,32.09815,34.84773,,Default_Session
64,5,IDLE,,0,+56962515275,0,5,2026-01-27 23:54:18,auto,1,0,0,+56912345605,Quectel EG25,867929068544054,730011455841703,5,Operator X,LTE,9061,,,84,730,02,8282,719680,-66,-17,"[""OK"", ""OK""]",,32.09815,34.84773,,Default_Session
65,6,IDLE,,0,+56962515275,0,6,2026-01-27 23:54:18,auto,1,0,0,+56912345606,Quectel EG25,867929068554477,730011455846786,3,Operator X,LTE,9324,,,27,730,02,3141,729018,-57,-7,"[""failed_timeout"", ""failed_timeout""]",,32.09815,34.84773,,Default_Session
66,7,IDLE,,0,+56962515275,0,7,2026-01-27 23:54:18,auto,1,0,0,+56912345607,Quectel EG25,867929068529899,730011455841277,3,Operator X,LTE,9804,,,76,730,02,6811,604112,-105,-10,"[""OK"", ""OK""]",,32.09815,34.84773,,Default_Session
67,8,IDLE,,0,+56962515275,0,8,2026-01-27 23:54:18,auto,1,0,0,+56912345608,Quectel EG25,867929068599961,730011455847624,5,Operator X,LTE,9552,,,24,730,02,9839,728052,-90,-14,"[""OK"", ""failed_timeout""]",,32.09815,34.84773,,Default_Session
68,9,IDLE,,0,+56962515275,0,9,2026-01-27 23:54:18,auto,1,0,0,+56912345609,Quectel EG25,867929068518266,730011455848466,1,Operator X,LTE,9075,,,78,730,02,8770,422693,-76,-5,"[""OK"", ""failed_timeout"", ""failed_timeout""]",,32.09815,34.84773,,Default_Session
69,10,IDLE,,0,+56962515275,0,10,2026-01-27 23:54:18,auto,1,0,0,+56912345610,Quectel EG25,867929068584739,730011455842210,1,Operator X,LTE,9494,,,3,730,02,1612,258523,-64,-18,"[""OK"", ""OK""]",,32.09815,34.84773,,Default_Session
70,11,IDLE,,0,+56962515275,0,11,2026-01-27 23:54:18,auto,1,0,0,+56912345611,Quectel EG25,867929068569676,730011455841058,1,Operator X,LTE,9937,,,10,730,02,6283,375616,-52,-6,"[""OK"", ""failed_timeout""]",,32.09815,34.84773,,Default_Session
71,12,IDLE,,0,+56962515275,0,12,2026-01-27 23:54:18,auto,1,0,0,+56912345612,Quectel EG25,867929068541892,730011455841738,5,Operator X,LTE,9041,,,55,730,02,2327,806982,-102,-16,"[""failed_timeout"", ""failed_timeout""]",,32.09815,34.84773,,Default_Session
72,13,IDLE,,0,+56962515275,0,13,2026-01-27 23:54:18,auto,1,0,0,+56912345613,Quectel EG25,867929068596668,730011455847861,3,Operator X,LTE,9240,,,21,730,02,9819,525812,-66,-10,"[""OK"", ""OK""]",,32.09815,34.84773,,Default_Session
52,1,IDLE,,0,+56962515275,0,1,2026-01-27 23:54:15,auto,1,0,0,+56912345601,Quectel EG25,867929068516000,730011455841676,3,Operator X,LTE,9903,,,9,730,02,6659,884248,-72,-2,"[""failed_timeout"", ""failed_timeout""]",,32.09815,34.84773,,Default_Session
53,2,IDLE,,0,+56962515275,0,2,2026-01-27 23:54:15,auto,1,0,0,+56912345602,Quectel EG25,867929068539753,730011455849461,3,Operator X,LTE,9028,,,71,730,02,7438,493841,-117,-12,"[""OK"", ""failed_timeout"", ""failed_timeout""]",,32.09815,34.84773,,Default_Session
54,3,IDLE,,0,+56962515275,0,3,2026-01-27 23:54:15,auto,1,0,0,+56912345603,Quectel EG25,867929068519843,730011455848000,3,Operator X,LTE,9494,,,19,730,02,4761,345578,-113,-15,"[""OK"", ""OK""]",,32.09815,34.84773,,Default_Session
55,4,IDLE,,0,+56962515275,0,4,2026-01-27 23:54:15,auto,1,0,0,+56912345604,Quectel EG25,867929068543475,730011455845437,1,Operator X,LTE,9095,,,83,730,02,3483,286349,-102,-15,"[""OK"", ""OK""]",,32.09815,34.84773,,Default_Session
56,5,IDLE,,0,+56962515275,0,5,2026-01-27 23:54:15,auto,1,0,0,+56912345605,Quectel EG25,867929068553088,730011455843263,5,Operator X,LTE,9297,,,34,730,02,1111,609791,-62,-2,"[""OK"", ""failed_timeout"", ""failed_timeout""]",,32.09815,34.84773,,Default_Session
57,6,IDLE,,0,+56962515275,0,6,2026-01-27 23:54:15,auto,1,0,0,+56912345606,Quectel EG25,867929068596482,730011455845328,5,Operator X,LTE,9167,,,38,730,02,6258,499524,-106,-14,"[""failed_timeout"", ""failed_timeout""]",,32.09815,34.84773,,Default_Session
58,7,IDLE,,0,+56962515275,0,7,2026-01-27 23:54:15,auto,1,0,0,+56912345607,Quectel EG25,867929068561169,730011455845827,1,Operator X,LTE,9889,,,79,730,02,1166,534885,-118,-18,"[""OK"", ""failed_timeout""]",,32.09815,34.84773,,Default_Session
59,8,IDLE,,0,+56962515275,0,8,2026-01-27 23:54:15,auto,1,0,0,+56912345608,Quectel EG25,867929068550248,730011455849832,3,Operator X,LTE,9523,,,73,730,02,4443,35831,-85,-18,"[""failed_timeout"", ""failed_timeout""]",,32.09815,34.84773,,Default_Session
39,1,IDLE,,0,+56962515275,0,1,2026-01-27 23:50:41,auto,1,0,0,+56912345601,Quectel EG25,867929068563267,730011455848521,5,Operator X,LTE,9084,,,6,730,02,4775,369541,-110,0,"[""OK"", ""failed_timeout""]",,32.09815,34.84773,0.0,Default_Session
40,2,IDLE,,0,+56962515275,0,2,2026-01-27 23:50:41,auto,1,0,0,+56912345602,Quectel EG25,867929068532256,730011455844924,5,Operator X,LTE,9333,,,2,730,02,2573,362490,-83,-2,"[""OK"", ""failed_timeout""]",,32.09815,34.84773,0.0,Default_Session
41,3,IDLE,,0,+56962515275,0,3,2026-01-27 23:50:41,auto,1,0,0,+56912345603,Quectel EG25,867929068575402,730011455841919,3,Operator X,LTE,9049,,,70,730,02,3733,750779,-69,-17,"[""OK"", ""OK""]",,32.09815,34.84773,0.0,Default_Session
42,4,IDLE,,0,+56962515275,0,4,2026-01-27 23:50:41,auto,1,0,0,+56912345604,Quectel EG25,867929068554436,730011455843061,3,Operator X,LTE,9054,,,75,730,02,3659,950228,-76,-3,"[""OK"", ""failed_timeout""]",,32.09815,34.84773,0.0,Default_Session
43,5,IDLE,,0,+56962515275,0,5,2026-01-27 23:50:41,auto,1,0,0,+56912345605,Quectel EG25,867929068554181,730011455847922,5,Operator X,LTE,9483,,,28,730,02,6176,649545,-77,0,"[""failed_timeout"", ""failed_timeout""]",,32.09815,34.84773,0.0,Default_Session
44,6,IDLE,,0,+56962515275,0,6,2026-01-27 23:50:41,auto,1,0,0,+56912345606,Quectel EG25,867929068593992,730011455845456,3,Operator X,LTE,9086,,,77,730,02,2137,956570,-93,-15,"[""OK"", ""failed_timeout""]",,32.09815,34.84773,0.0,Default_Session
45,7,IDLE,,0,+56962515275,0,7,2026-01-27 23:50:41,auto,1,0,0,+56912345607,Quectel EG25,867929068540169,730011455845075,3,Operator X,LTE,9588,,,55,730,02,2059,514418,-98,-15,"[""OK"", ""failed_timeout"", ""failed_timeout""]",,32.09815,34.84773,0.0,Default_Session
46,8,IDLE,,0,+56962515275,0,8,2026-01-27 23:50:41,auto,1,0,0,+56912345608,Quectel EG25,867929068584302,730011455844421,3,Operator X,LTE,9149,,,5,730,02,5873,732522,-79,-3,"[""OK"", ""OK""]",,32.09815,34.84773,0.0,Default_Session
47,9,IDLE,,0,+56962515275,0,9,2026-01-27 23:50:41,auto,1,0,0,+56912345609,Quectel EG25,867929068558090,730011455847723,3,Operator X,LTE,9325,,,49,730,02,4619,851961,-99,-5,"[""OK"", ""failed_timeout""]",,32.09815,34.84773,0.0,Default_Session
48,10,IDLE,,0,+56962515275,0,10,2026-01-27 23:50:41,auto,1,0,0,+56912345610,Quectel EG25,867929068532350,730011455849351,3,Operator X,LTE,9152,,,71,730,02,6671,236647,-85,-17,"[""OK"", ""OK""]",,32.09815,34.84773,0.0,Default_Session
49,11,IDLE,,0,+56962515275,0,11,2026-01-27 23:50:41,auto,1,0,0,+56912345611,Quectel EG25,867929068567692,730011455843341,1,Operator X,LTE,9147,,,34,730,02,6321,744602,-108,-4,"[""failed_timeout"", ""failed_timeout""]",,32.09815,34.84773,0.0,Default_Session
50,12,IDLE,,0,+56962515275,0,12,2026-01-27 23:50:41,auto,1,0,0,+56912345612,Quectel EG25,867929068591447,730011455844960,5,Operator X,LTE,9579,,,46,730,02,5669,661703,-67,-3,"[""OK"", ""failed_timeout""]",,32.09815,34.84773,0.0,Default_Session
51,13,IDLE,,0,+56962515275,0,13,2026-01-27 23:50:41,auto,1,0,0,+56912345613,Quectel EG25,867929068588847,730011455843539,5,Operator X,LTE,9529,,,31,730,02,2640,275523,-85,-17,"[""OK"", ""OK""]",,32.09815,34.84773,0.0,Default_Session
32,1,IDLE,,0,+56962515275,0,1,2026-01-27 23:50:38,auto,1,0,0,+56912345601,Quectel EG25,867929068592979,730011455849557,3,Operator X,LTE,9421,,,69,730,02,1794,949486,-104,-3,"[""OK"", ""failed_timeout"", ""failed_timeout""]",,32.09815,34.84773,0.0,Default_Session
33,2,IDLE,,0,+56962515275,0,2,2026-01-27 23:50:38,auto,1,0,0,+56912345602,Quectel EG25,867929068580785,730011455844414,3,Operator X,LTE,9556,,,77,730,02,3291,68872,-79,-12,"[""failed_timeout"", ""failed_timeout""]",,32.09815,34.84773,0.0,Default_Session
34,3,IDLE,,0,+56962515275,0,3,2026-01-27 23:50:38,auto,1,0,0,+56912345603,Quectel EG25,867929068584150,730011455846257,1,Operator X,LTE,9245,,,59,730,02,6382,934371,-63,-12,"[""failed_timeout"", ""failed_timeout""]",,32.09815,34.84773,0.0,Default_Session
35,4,IDLE,,0,+56962515275,0,4,2026-01-27 23:50:38,auto,1,0,0,+56912345604,Quectel EG25,867929068537326,730011455845046,3,Operator X,LTE,9851,,,51,730,02,6847,774444,-95,-9,"[""OK"", ""OK""]",,32.09815,34.84773,0.0,Default_Session
36,5,IDLE,,0,+56962515275,0,5,2026-01-27 23:50:38,auto,1,0,0,+56912345605,Quectel EG25,867929068590324,730011455844336,1,Operator X,LTE,9321,,,18,730,02,8142,931406,-108,-12,"[""OK"", ""failed_timeout""]",,32.09815,34.84773,0.0,Default_Session
37,6,IDLE,,0,+56962515275,0,6,2026-01-27 23:50:38,auto,1,0,0,+56912345606,Quectel EG25,867929068512035,730011455849474,1,Operator X,LTE,9499,,,19,730,02,6709,690784,-85,-10,"[""failed_timeout"", ""failed_timeout""]",,32.09815,34.84773,0.0,Default_Session
38,7,IDLE,,0,+56962515275,0,7,2026-01-27 23:50:38,auto,1,0,0,+56912345607,Quectel EG25,867929068572053,730011455845282,5,Operator X,LTE,9129,,,16,730,02,4356,882802,-69,-7,"[""OK"", ""failed_timeout""]",,32.09815,34.84773,0.0,Default_Session
28,1,IDLE,,0,+56962515275,0,1,2026-01-27 23:50:35,auto,1,0,0,+56912345601,Quectel EG25,867929068552360,730011455848379,5,Operator X,LTE,9747,,,86,730,02,1679,729029,-79,-18,"[""failed_timeout"", ""failed_timeout""]",,32.09815,34.84773,0.0,Default_Session
29,2,IDLE,,0,+56962515275,0,2,2026-01-27 23:50:35,auto,1,0,0,+56912345602,Quectel EG25,867929068553826,730011455847780,3,Operator X,LTE,9146,,,50,730,02,8158,283274,-113,-6,"[""OK"", ""failed_timeout""]",,32.09815,34.84773,0.0,Default_Session
30,3,IDLE,,0,+56962515275,0,3,2026-01-27 23:50:35,auto,1,0,0,+56912345603,Quectel EG25,867929068569900,730011455844148,3,Operator X,LTE,9608,,,36,730,02,6303,290633,-110,-2,"[""OK"", ""OK""]",,32.09815,34.84773,0.0,Default_Session
31,4,IDLE,,0,+56962515275,0,4,2026-01-27 23:50:35,auto,1,0,0,+56912345604,Quectel EG25,867929068599129,730011455843696,5,Operator X,LTE,9378,,,17,730,02,8231,417575,-119,0,"[""OK"", ""failed_timeout""]",,32.09815,34.84773,0.0,Default_Session
24,1,IDLE,,0,+56962515275,0,1,2026-01-27 23:50:32,auto,1,0,0,+56912345601,Quectel EG25,867929068599150,730011455841699,3,Operator X,LTE,9724,,,54,730,02,3720,223808,-112,-7,"[""OK"", ""failed_timeout""]",,32.09815,34.84773,0.0,Default_Session
25,2,IDLE,,0,+56962515275,0,2,2026-01-27 23:50:32,auto,1,0,0,+56912345602,Quectel EG25,867929068591071,730011455847087,1,Operator X,LTE,9799,,,38,730,02,6732,271837,-59,-3,"[""failed_timeout"", ""failed_timeout""]",,32.09815,34.84773,0.0,Default_Session
26,3,IDLE,,0,+56962515275,0,3,2026-01-27 23:50:32,auto,1,0,0,+56912345603,Quectel EG25,867929068548875,730011455847596,1,Operator X,LTE,9183,,,94,730,02,2249,612693,-116,-8,"[""OK"", ""OK""]",,32.09815,34.84773,0.0,Default_Session
27,4,IDLE,,0,+56962515275,0,4,2026-01-27 23:50:32,auto,1,0,0,+56912345604,Quectel EG25,867929068556077,730011455849263,1,Operator X,LTE,9233,,,12,730,02,1323,374431,-77,-8,"[""OK"", ""failed_timeout""]",,32.09815,34.84773,0.0,Default_Session
22,1,IDLE,,0,+56962515275,0,1,2026-01-27 23:50:29,auto,1,0,0,+56912345601,Quectel EG25,867929068549471,730011455846253,3,Operator X,LTE,9847,,,73,730,02,6095,632663,-59,-1,"[""OK"", ""failed_timeout""]",,32.09815,34.84773,0.0,Default_Session
23,2,IDLE,,0,+56962515275,0,2,2026-01-27 23:50:29,auto,1,0,0,+56912345602,Quectel EG25,867929068528695,730011455846038,3,Operator X,LTE,9955,,,98,730,02,2643,652260,-68,-15,"[""OK"", ""OK""]",,32.09815,34.84773,0.0,Default_Session
11,1,IDLE,,0,+56962515275,0,1,2026-01-27 23:50:26,auto,1,0,0,+56912345601,Quectel EG25,867929068551295,730011455849048,1,Operator X,LTE,9908,,,98,730,02,7519,233594,-117,-3,"[""failed_timeout"", ""failed_timeout""]",,32.09815,34.84773,0.0,Default_Session
12,2,IDLE,,0,+56962515275,0,2,2026-01-27 23:50:26,auto,1,0,0,+56912345602,Quectel EG25,867929068510958,730011455847802,1,Operator X,LTE,9452,,,51,730,02,7225,40520,-61,-12,"[""failed_timeout"", ""failed_timeout""]",,32.09815,34.84773,0.0,Default_Session
13,3,IDLE,,0,+56962515275,0,3,2026-01-27 23:50:26,auto,1,0,0,+56912345603,Quectel EG25,867929068532234,730011455842037,5,Operator X,LTE,9765,,,36,730,02,9720,811033,-71,-13,"[""failed_timeout"", ""failed_timeout""]",,32.09815,34.84773,0.0,Default_Session
14,4,IDLE,,0,+56962515275,0,4,2026-01-27 23:50:26,auto,1,0,0,+56912345604,Quectel EG25,867929068520857,730011455848260,1,Operator X,LTE,9325,,,83,730,02,5186,136972,-114,-17,"[""OK"", ""OK""]",,32.09815,34.84773,0.0,Default_Session
15,5,IDLE,,0,+56962515275,0,5,2026-01-27 23:50:26,auto,1,0,0,+56912345605,Quectel EG25,867929068555695,730011455845072,3,Operator X,LTE,9848,,,18,730,02,7691,400856,-55,-15,"[""OK"", ""OK""]",,32.09815,34.84773,0.0,Default_Session
16,6,IDLE,,0,+56962515275,0,6,2026-01-27 23:50:26,auto,1,0,0,+56912345606,Quectel EG25,867929068594380,730011455844955,3,Operator X,LTE,9463,,,15,730,02,9472,119933,-75,-1,"[""OK"", ""OK""]",,32.09815,34.84773,0.0,Default_Session
17,7,IDLE,,0,+56962515275,0,7,2026-01-27 23:50:26,auto,1,0,0,+56912345607,Quectel EG25,867929068536184,730011455843467,3,Operator X,LTE,9939,,,33,730,02,3551,570620,-55,-8,"[""OK"", ""OK""]",,32.09815,34.84773,0.0,Default_Session
18,8,IDLE,,0,+56962515275,0,8,2026-01-27 23:50:26,auto,1,0,0,+56912345608,Quectel EG25,867929068544232,730011455849524,3,Operator X,LTE,9698,,,27,730,02,4765,838481,-93,-12,"[""OK"", ""failed_timeout"", ""failed_timeout""]",,32.09815,34.84773,0.0,Default_Session
19,9,IDLE,,0,+56962515275,0,9,2026-01-27 23:50:26,auto,1,0,0,+56912345609,Quectel EG25,867929068574143,730011455845765,5,Operator X,LTE,9360,,,49,730,02,6915,719235,-96,-8,"[""OK"", ""OK""]",,32.09815,34.84773,0.0,Default_Session
20,10,IDLE,,0,+56962515275,0,10,2026-01-27 23:50:26,auto,1,0,0,+56912345610,Quectel EG25,867929068524394,730011455841997,1,Operator X,LTE,9248,,,99,730,02,6268,160234,-96,-10,"[""OK"", ""failed_timeout"", ""failed_timeout""]",,32.09815,34.84773,0.0,Default_Session
21,11,IDLE,,0,+56962515275,0,11,2026-01-27 23:50:26,auto,1,0,0,+56912345611,Quectel EG25,867929068529159,730011455844196,5,Operator X,LTE,9066,,,46,730,02,2713,629905,-87,-3,"[""OK"", ""failed_timeout"", ""failed_timeout""]",,32.09815,34.84773,0.0,Default_Session
1,1,IDLE,,0,+56962515275,0,1,2026-01-27 23:50:23,auto,1,0,0,+56912345601,Quectel EG25,867929068543262,730011455845206,5,Operator X,LTE,9591,,,9,730,02,7724,989443,-71,-12,"[""failed_timeout"", ""failed_timeout""]",,32.09815,34.84773,0.0,Default_Session
2,2,IDLE,,0,+56962515275,0,2,2026-01-27 23:50:23,auto,1,0,0,+56912345602,Quectel EG25,867929068594157,730011455842066,1,Operator X,LTE,9679,,,26,730,02,9056,508546,-102,-16,"[""OK"", ""failed_timeout"", ""failed_timeout""]",,32.09815,34.84773,0.0,Default_Session
3,3,IDLE,,0,+56962515275,0,3,2026-01-27 23:50:23,auto,1,0,0,+56912345603,Quectel EG25,867929068573205,730011455844735,1,Operator X,LTE,9165,,,3,730,02,3069,666826,-64,-20,"[""OK"", ""failed_timeout"", ""failed_timeout""]",,32.09815,34.84773,0.0,Default_Session
4,4,IDLE,,0,+56962515275,0,4,2026-01-27 23:50:23,auto,1,0,0,+56912345604,Quectel EG25,867929068531186,730011455842824,5,Operator X,LTE,9040,,,16,730,02,2898,811916,-78,0,"[""OK"", ""failed_timeout"", ""failed_timeout""]",,32.09815,34.84773,0.0,Default_Session
5,5,IDLE,,0,+56962515275,0,5,2026-01-27 23:50:23,auto,1,0,0,+56912345605,Quectel EG25,867929068524214,730011455847879,1,Operator X,LTE,9646,,,23,730,02,4784,631149,-105,-19,"[""OK"", ""failed_timeout"", ""failed_timeout""]",,32.09815,34.84773,0.0,Default_Session
6,6,IDLE,,0,+56962515275,0,6,2026-01-27 23:50:23,auto,1,0,0,+56912345606,Quectel EG25,867929068513326,730011455842538,5,Operator X,LTE,9467,,,84,730,02,2291,812693,-73,-20,"[""OK"", ""failed_timeout""]",,32.09815,34.84773,0.0,Default_Session
7,7,IDLE,,0,+56962515275,0,7,2026-01-27 23:50:23,auto,1,0,0,+56912345607,Quectel EG25,867929068519588,730011455846017,1,Operator X,LTE,9652,,,40,730,02,7963,531120,-103,-15,"[""failed_timeout"", ""failed_timeout""]",,32.09815,34.84773,0.0,Default_Session
8,8,IDLE,,0,+56962515275,0,8,2026-01-27 23:50:23,auto,1,0,0,+56912345608,Quectel EG25,867929068524562,730011455848730,5,Operator X,LTE,9651,,,82,730,02,1642,849012,-105,-19,"[""failed_timeout"", ""failed_timeout""]",,32.09815,34.84773,0.0,Default_Session
9,9,IDLE,,0,+56962515275,0,9,2026-01-27 23:50:23,auto,1,0,0,+56912345609,Quectel EG25,867929068594924,730011455843180,5,Operator X,LTE,9576,,,76,730,02,9611,419572,-120,-7,"[""OK"", ""OK""]",,32.09815,34.84773,0.0,Default_Session
10,10,IDLE,,0,+56962515275,0,10,2026-01-27 23:50:23,auto,1,0,0,+56912345610,Quectel EG25,867929068534528,730011455842287,5,Operator X,LTE,9218,,,83,730,02,3598,528563,-77,-2,"[""OK"", ""failed_timeout""]",,32.09815,34.84773,0.0,Default_Session
